ISO-10303-21;
HEADER;
FILE_DESCRIPTION (( 'STEP AP214' ),
    '1' );
FILE_NAME ('Prop Shaft Adapter.STEP',
    '2025-01-30T20:50:54',
    ( '' ),
    ( '' ),
    'SwSTEP 2.0',
    'SolidWorks 2024',
    '' );
FILE_SCHEMA (( 'AUTOMOTIVE_DESIGN' ));
ENDSEC;

DATA;
#1 = ADVANCED_FACE ( 'NONE', ( #1438, #840 ), #1262, .F. ) ;
#2 = VERTEX_POINT ( 'NONE', #1124 ) ;
#3 = ORIENTED_EDGE ( 'NONE', *, *, #825, .T. ) ;
#4 = CARTESIAN_POINT ( 'NONE',  ( -9.000000000000000000, 9.749999999999996447, -3.249999999999997780 ) ) ;
#5 = ORIENTED_EDGE ( 'NONE', *, *, #999, .T. ) ;
#6 = CARTESIAN_POINT ( 'NONE',  ( 0.000000000000000000, 10.00000000000000178, 0.000000000000000000 ) ) ;
#7 = ORIENTED_EDGE ( 'NONE', *, *, #374, .F. ) ;
#8 = CARTESIAN_POINT ( 'NONE',  ( 0.000000000000000000, 44.00000000000001421, 0.000000000000000000 ) ) ;
#9 = EDGE_CURVE ( 'NONE', #1457, #862, #183, .T. ) ;
#10 =( NAMED_UNIT ( * ) SI_UNIT ( $, .STERADIAN. ) SOLID_ANGLE_UNIT ( ) );
#11 = VECTOR ( 'NONE', #415, 1000.000000000000000 ) ;
#12 = EDGE_LOOP ( 'NONE', ( #245, #1167, #407, #7 ) ) ;
#13 = VERTEX_POINT ( 'NONE', #1237 ) ;
#14 = CIRCLE ( 'NONE', #789, 3.249999999999997780 ) ;
#15 = DIRECTION ( 'NONE',  ( 8.659560562354844111E-17, 0.7071067811865549002, -0.7071067811865402453 ) ) ;
#16 = MECHANICAL_DESIGN_GEOMETRIC_PRESENTATION_REPRESENTATION (  '', ( #1059 ), #196 ) ;
#17 = ORIENTED_EDGE ( 'NONE', *, *, #320, .F. ) ;
#18 = EDGE_LOOP ( 'NONE', ( #1080, #608 ) ) ;
#19 = VECTOR ( 'NONE', #1283, 1000.000000000000114 ) ;
#20 = CARTESIAN_POINT ( 'NONE',  ( 1.959434878635762765E-16, 0.2500000000000071609, 7.400000000000000355 ) ) ;
#21 = VERTEX_POINT ( 'NONE', #1011 ) ;
#22 = CONICAL_SURFACE ( 'NONE', #900, 3.249999999999997780, 0.7853981633974380649 ) ;
#23 = CARTESIAN_POINT ( 'NONE',  ( 9.000000000000000000, 5.000000000000000000, 0.000000000000000000 ) ) ;
#24 = EDGE_CURVE ( 'NONE', #1115, #979, #489, .T. ) ;
#25 = VECTOR ( 'NONE', #1437, 1000.000000000000114 ) ;
#26 = ORIENTED_EDGE ( 'NONE', *, *, #673, .F. ) ;
#27 = DIRECTION ( 'NONE',  ( 0.000000000000000000, 0.000000000000000000, 1.000000000000000000 ) ) ;
#28 = VERTEX_POINT ( 'NONE', #1375 ) ;
#29 = DIRECTION ( 'NONE',  ( 0.000000000000000000, 0.000000000000000000, 1.000000000000000000 ) ) ;
#30 = CARTESIAN_POINT ( 'NONE',  ( -9.000000000000000000, 10.00000000000000000, -3.499999999999996003 ) ) ;
#31 = ORIENTED_EDGE ( 'NONE', *, *, #470, .F. ) ;
#32 = DIRECTION ( 'NONE',  ( 0.000000000000000000, 0.000000000000000000, -1.000000000000000000 ) ) ;
#33 = ORIENTED_EDGE ( 'NONE', *, *, #1232, .T. ) ;
#34 = ORIENTED_EDGE ( 'NONE', *, *, #1533, .F. ) ;
#35 = DIRECTION ( 'NONE',  ( -0.000000000000000000, 1.000000000000000000, -0.000000000000000000 ) ) ;
#36 = CARTESIAN_POINT ( 'NONE',  ( 9.000000000000000000, 0.000000000000000000, 0.000000000000000000 ) ) ;
#37 = CARTESIAN_POINT ( 'NONE',  ( -9.000000000000000000, 0.2500000000000071609, 0.000000000000000000 ) ) ;
#38 = ADVANCED_FACE ( 'NONE', ( #286 ), #773, .F. ) ;
#39 = DIRECTION ( 'NONE',  ( 0.000000000000000000, 0.000000000000000000, -1.000000000000000000 ) ) ;
#40 = ORIENTED_EDGE ( 'NONE', *, *, #778, .T. ) ;
#41 = APPLICATION_PROTOCOL_DEFINITION ( 'draft international standard', 'automotive_design', 1998, #1096 ) ;
#42 = ORIENTED_EDGE ( 'NONE', *, *, #283, .T. ) ;
#43 = CARTESIAN_POINT ( 'NONE',  ( -9.000000000000000000, 5.000000000000000000, 0.000000000000000000 ) ) ;
#44 = CIRCLE ( 'NONE', #910, 2.250000000000000000 ) ;
#45 = DIRECTION ( 'NONE',  ( 8.659560562354956277E-17, -0.7071067811865456854, 0.7071067811865493491 ) ) ;
#46 = FACE_OUTER_BOUND ( 'NONE', #1047, .T. ) ;
#47 = CONICAL_SURFACE ( 'NONE', #1420, 2.499999999999995115, 0.7853981633974509435 ) ;
#48 = DIRECTION ( 'NONE',  ( -0.000000000000000000, -1.000000000000000000, -0.000000000000000000 ) ) ;
#49 = ORIENTED_EDGE ( 'NONE', *, *, #1054, .F. ) ;
#50 = CIRCLE ( 'NONE', #916, 13.50000000000000000 ) ;
#51 = VECTOR ( 'NONE', #330, 1000.000000000000000 ) ;
#52 = CYLINDRICAL_SURFACE ( 'NONE', #139, 4.000000000000000000 ) ;
#53 = DIRECTION ( 'NONE',  ( 0.000000000000000000, 0.000000000000000000, 1.000000000000000000 ) ) ;
#54 = DIRECTION ( 'NONE',  ( 0.000000000000000000, 1.000000000000000000, 0.000000000000000000 ) ) ;
#55 = CYLINDRICAL_SURFACE ( 'NONE', #1418, 4.000000000000000000 ) ;
#56 = CYLINDRICAL_SURFACE ( 'NONE', #94, 1.599999999999998090 ) ;
#57 = ORIENTED_EDGE ( 'NONE', *, *, #647, .F. ) ;
#58 = DIRECTION ( 'NONE',  ( 0.000000000000000000, 0.000000000000000000, 1.000000000000000000 ) ) ;
#59 = CARTESIAN_POINT ( 'NONE',  ( 0.000000000000000000, 10.24999999999998757, -4.000000000000000000 ) ) ;
#60 = ORIENTED_EDGE ( 'NONE', *, *, #174, .T. ) ;
#61 = DIRECTION ( 'NONE',  ( -0.000000000000000000, -1.000000000000000000, -0.000000000000000000 ) ) ;
#62 = EDGE_CURVE ( 'NONE', #153, #1073, #785, .T. ) ;
#63 = CARTESIAN_POINT ( 'NONE',  ( -9.000000000000000000, 5.000000000000000000, 0.000000000000000000 ) ) ;
#64 = ORIENTED_EDGE ( 'NONE', *, *, #1153, .F. ) ;
#65 = CARTESIAN_POINT ( 'NONE',  ( 0.000000000000000000, 5.000000000000000000, -5.750000000000000000 ) ) ;
#66 = CARTESIAN_POINT ( 'NONE',  ( 0.000000000000000000, 0.2500000000000088818, 0.000000000000000000 ) ) ;
#67 = VERTEX_POINT ( 'NONE', #759 ) ;
#68 = DIRECTION ( 'NONE',  ( 0.000000000000000000, 0.7071067811865549002, 0.7071067811865402453 ) ) ;
#69 = CARTESIAN_POINT ( 'NONE',  ( 0.000000000000000000, 5.000000000000000000, -7.400000000000000355 ) ) ;
#70 = ORIENTED_EDGE ( 'NONE', *, *, #673, .T. ) ;
#71 = CIRCLE ( 'NONE', #268, 1.849999999999990541 ) ;
#72 = AXIS2_PLACEMENT_3D ( 'NONE', #269, #539, #418 ) ;
#73 = AXIS2_PLACEMENT_3D ( 'NONE', #190, #907, #449 ) ;
#74 = DIRECTION ( 'NONE',  ( 0.000000000000000000, -1.000000000000000000, 0.000000000000000000 ) ) ;
#75 = CONICAL_SURFACE ( 'NONE', #1190, 1.849999999999990541, 0.7853981633974388421 ) ;
#76 = FACE_OUTER_BOUND ( 'NONE', #310, .T. ) ;
#77 = DIRECTION ( 'NONE',  ( 0.000000000000000000, 1.000000000000000000, 0.000000000000000000 ) ) ;
#78 = ADVANCED_FACE ( 'NONE', ( #1144 ), #52, .T. ) ;
#79 = DIRECTION ( 'NONE',  ( 0.000000000000000000, 0.000000000000000000, 1.000000000000000000 ) ) ;
#80 = DIRECTION ( 'NONE',  ( 0.000000000000000000, 1.000000000000000000, 0.000000000000000000 ) ) ;
#81 = DIRECTION ( 'NONE',  ( 8.659560562354844111E-17, 0.7071067811865549002, -0.7071067811865402453 ) ) ;
#82 = CARTESIAN_POINT ( 'NONE',  ( 0.000000000000000000, 10.00000000000000000, 9.000000000000000000 ) ) ;
#83 = DIRECTION ( 'NONE',  ( 0.000000000000000000, 1.000000000000000000, 0.000000000000000000 ) ) ;
#84 = FACE_BOUND ( 'NONE', #564, .T. ) ;
#85 = VERTEX_POINT ( 'NONE', #780 ) ;
#86 = DIRECTION ( 'NONE',  ( 0.000000000000000000, 0.000000000000000000, 1.000000000000000000 ) ) ;
#87 = ADVANCED_FACE ( 'NONE', ( #1018 ), #1138, .F. ) ;
#88 = DIRECTION ( 'NONE',  ( 8.659560562354978464E-17, -0.7071067811865439090, 0.7071067811865512365 ) ) ;
#89 = CIRCLE ( 'NONE', #339, 1.599999999999998979 ) ;
#90 = FACE_OUTER_BOUND ( 'NONE', #960, .T. ) ;
#91 = CIRCLE ( 'NONE', #198, 4.000000000000000000 ) ;
#92 = DIRECTION ( 'NONE',  ( 0.000000000000000000, 0.000000000000000000, 1.000000000000000000 ) ) ;
#93 = EDGE_LOOP ( 'NONE', ( #743, #1101 ) ) ;
#94 = AXIS2_PLACEMENT_3D ( 'NONE', #412, #406, #650 ) ;
#95 = CIRCLE ( 'NONE', #1192, 3.249999999999999556 ) ;
#96 = VERTEX_POINT ( 'NONE', #65 ) ;
#97 = CARTESIAN_POINT ( 'NONE',  ( 0.000000000000000000, 9.749999999999996447, -5.750000000000001776 ) ) ;
#98 = DIRECTION ( 'NONE',  ( -0.000000000000000000, -1.000000000000000000, -0.000000000000000000 ) ) ;
#99 = ADVANCED_FACE ( 'NONE', ( #529 ), #711, .F. ) ;
#100 = FACE_OUTER_BOUND ( 'NONE', #612, .T. ) ;
#101 = ORIENTED_EDGE ( 'NONE', *, *, #9, .T. ) ;
#102 = FACE_OUTER_BOUND ( 'NONE', #581, .T. ) ;
#103 = EDGE_CURVE ( 'NONE', #21, #155, #192, .T. ) ;
#104 = ADVANCED_FACE ( 'NONE', ( #543 ), #177, .F. ) ;
#105 = DIRECTION ( 'NONE',  ( 0.000000000000000000, 0.000000000000000000, 1.000000000000000000 ) ) ;
#106 = UNCERTAINTY_MEASURE_WITH_UNIT (LENGTH_MEASURE( 1.000000000000000082E-05 ), #137, 'distance_accuracy_value', 'NONE');
#107 = DIRECTION ( 'NONE',  ( -0.000000000000000000, 1.000000000000000000, -0.000000000000000000 ) ) ;
#108 = ORIENTED_EDGE ( 'NONE', *, *, #1105, .F. ) ;
#109 = FACE_BOUND ( 'NONE', #18, .T. ) ;
#110 = EDGE_CURVE ( 'NONE', #482, #344, #440, .T. ) ;
#111 = AXIS2_PLACEMENT_3D ( 'NONE', #914, #798, #1402 ) ;
#112 = VECTOR ( 'NONE', #15, 1000.000000000000114 ) ;
#113 = PRESENTATION_LAYER_ASSIGNMENT (  '', '', ( #1059 ) ) ;
#114 = VECTOR ( 'NONE', #911, 1000.000000000000114 ) ;
#115 = EDGE_LOOP ( 'NONE', ( #1072, #818 ) ) ;
#116 = CARTESIAN_POINT ( 'NONE',  ( -9.000000000000000000, 10.00000000000000000, 0.000000000000000000 ) ) ;
#117 = VERTEX_POINT ( 'NONE', #1342 ) ;
#118 = ADVANCED_FACE ( 'NONE', ( #978 ), #892, .F. ) ;
#119 = ORIENTED_EDGE ( 'NONE', *, *, #533, .T. ) ;
#120 = DIRECTION ( 'NONE',  ( -0.000000000000000000, -1.000000000000000000, -0.000000000000000000 ) ) ;
#121 = EDGE_LOOP ( 'NONE', ( #1333, #621, #1229, #730 ) ) ;
#122 = ORIENTED_EDGE ( 'NONE', *, *, #1075, .T. ) ;
#123 = DIRECTION ( 'NONE',  ( 0.000000000000000000, 0.000000000000000000, 1.000000000000000000 ) ) ;
#124 = ORIENTED_EDGE ( 'NONE', *, *, #796, .T. ) ;
#125 = EDGE_CURVE ( 'NONE', #13, #891, #1493, .T. ) ;
#126 = CARTESIAN_POINT ( 'NONE',  ( 9.000000000000000000, 5.000000000000000000, -3.249999999999999112 ) ) ;
#127 = VERTEX_POINT ( 'NONE', #1380 ) ;
#128 = CARTESIAN_POINT ( 'NONE',  ( 2.755455298081544285E-16, 7.000000000000000000, 2.250000000000000000 ) ) ;
#129 = ORIENTED_EDGE ( 'NONE', *, *, #442, .T. ) ;
#130 = ORIENTED_EDGE ( 'NONE', *, *, #552, .T. ) ;
#131 = CYLINDRICAL_SURFACE ( 'NONE', #388, 1.599999999999998535 ) ;
#132 = ADVANCED_FACE ( 'NONE', ( #309 ), #380, .F. ) ;
#133 = ORIENTED_EDGE ( 'NONE', *, *, #320, .T. ) ;
#134 = VERTEX_POINT ( 'NONE', #1469 ) ;
#135 = LINE ( 'NONE', #488, #276 ) ;
#136 = ORIENTED_EDGE ( 'NONE', *, *, #1098, .F. ) ;
#137 =( LENGTH_UNIT ( ) NAMED_UNIT ( * ) SI_UNIT ( .MILLI., .METRE. ) );
#138 = APPLICATION_PROTOCOL_DEFINITION ( 'draft international standard', 'automotive_design', 1998, #542 ) ;
#139 = AXIS2_PLACEMENT_3D ( 'NONE', #311, #536, #165 ) ;
#140 = ORIENTED_EDGE ( 'NONE', *, *, #1121, .F. ) ;
#141 = EDGE_LOOP ( 'NONE', ( #538, #460 ) ) ;
#142 = LINE ( 'NONE', #522, #671 ) ;
#143 = AXIS2_PLACEMENT_3D ( 'NONE', #116, #596, #843 ) ;
#144 = ORIENTED_EDGE ( 'NONE', *, *, #157, .T. ) ;
#145 = CIRCLE ( 'NONE', #523, 1.599999999999998979 ) ;
#146 = CARTESIAN_POINT ( 'NONE',  ( 9.000000000000000000, 9.749999999999996447, -3.249999999999997780 ) ) ;
#147 = ORIENTED_EDGE ( 'NONE', *, *, #1207, .T. ) ;
#148 = EDGE_LOOP ( 'NONE', ( #605, #49, #1037, #1206 ) ) ;
#149 = DIRECTION ( 'NONE',  ( 0.000000000000000000, 0.000000000000000000, -1.000000000000000000 ) ) ;
#150 = EDGE_CURVE ( 'NONE', #467, #173, #420, .T. ) ;
#151 = CYLINDRICAL_SURFACE ( 'NONE', #270, 2.250000000000000000 ) ;
#152 = CYLINDRICAL_SURFACE ( 'NONE', #1017, 3.249999999999997780 ) ;
#153 = VERTEX_POINT ( 'NONE', #1239 ) ;
#154 = CARTESIAN_POINT ( 'NONE',  ( -9.000000000000000000, 0.2500000000000071609, -1.599999999999998535 ) ) ;
#155 = VERTEX_POINT ( 'NONE', #632 ) ;
#156 = EDGE_CURVE ( 'NONE', #1331, #1208, #585, .T. ) ;
#157 = EDGE_CURVE ( 'NONE', #728, #1459, #1241, .T. ) ;
#158 = ORIENTED_EDGE ( 'NONE', *, *, #928, .T. ) ;
#159 = CARTESIAN_POINT ( 'NONE',  ( 0.000000000000000000, 10.00000000000000000, 0.000000000000000000 ) ) ;
#160 = CYLINDRICAL_SURFACE ( 'NONE', #1216, 3.249999999999997780 ) ;
#161 = DIRECTION ( 'NONE',  ( 0.000000000000000000, 0.000000000000000000, 1.000000000000000000 ) ) ;
#162 = CARTESIAN_POINT ( 'NONE',  ( 0.000000000000000000, 10.00000000000000000, -9.000000000000000000 ) ) ;
#163 = EDGE_LOOP ( 'NONE', ( #257, #1443, #368, #1434 ) ) ;
#164 = ADVANCED_FACE ( 'NONE', ( #1233 ), #152, .F. ) ;
#165 = DIRECTION ( 'NONE',  ( 0.000000000000000000, 0.000000000000000000, -1.000000000000000000 ) ) ;
#166 = DIRECTION ( 'NONE',  ( 0.000000000000000000, 0.000000000000000000, 1.000000000000000000 ) ) ;
#167 = AXIS2_PLACEMENT_3D ( 'NONE', #1004, #666, #189 ) ;
#168 = DIRECTION ( 'NONE',  ( 0.000000000000000000, -0.7071067811865484609, -0.7071067811865465735 ) ) ;
#169 = CARTESIAN_POINT ( 'NONE',  ( 9.000000000000000000, 5.000000000000000000, 0.000000000000000000 ) ) ;
#170 = CIRCLE ( 'NONE', #1036, 13.50000000000000000 ) ;
#171 = AXIS2_PLACEMENT_3D ( 'NONE', #452, #530, #537 ) ;
#172 = DIRECTION ( 'NONE',  ( 0.000000000000000000, 1.000000000000000000, 0.000000000000000000 ) ) ;
#173 = VERTEX_POINT ( 'NONE', #1224 ) ;
#174 = EDGE_CURVE ( 'NONE', #344, #482, #44, .T. ) ;
#175 = CIRCLE ( 'NONE', #240, 1.599999999999998979 ) ;
#176 = VECTOR ( 'NONE', #1214, 1000.000000000000000 ) ;
#177 = CYLINDRICAL_SURFACE ( 'NONE', #235, 1.599999999999998090 ) ;
#178 = DIRECTION ( 'NONE',  ( 0.000000000000000000, 0.000000000000000000, 1.000000000000000000 ) ) ;
#179 = DIRECTION ( 'NONE',  ( 0.000000000000000000, 0.000000000000000000, 1.000000000000000000 ) ) ;
#180 = DIRECTION ( 'NONE',  ( 0.000000000000000000, 0.000000000000000000, -1.000000000000000000 ) ) ;
#181 = ORIENTED_EDGE ( 'NONE', *, *, #242, .F. ) ;
#182 = EDGE_CURVE ( 'NONE', #1257, #117, #336, .T. ) ;
#183 = LINE ( 'NONE', #1383, #11 ) ;
#184 = DIRECTION ( 'NONE',  ( 0.000000000000000000, -1.000000000000000000, 0.000000000000000000 ) ) ;
#185 = ORIENTED_EDGE ( 'NONE', *, *, #1135, .F. ) ;
#186 = LINE ( 'NONE', #669, #618 ) ;
#187 = DIRECTION ( 'NONE',  ( 0.000000000000000000, 0.000000000000000000, 1.000000000000000000 ) ) ;
#188 = ORIENTED_EDGE ( 'NONE', *, *, #1524, .T. ) ;
#189 = DIRECTION ( 'NONE',  ( 0.000000000000000000, 0.000000000000000000, 1.000000000000000000 ) ) ;
#190 = CARTESIAN_POINT ( 'NONE',  ( 0.000000000000000000, 10.00000000000000000, 0.000000000000000000 ) ) ;
#191 = CARTESIAN_POINT ( 'NONE',  ( 9.000000000000000000, 0.000000000000000000, 0.000000000000000000 ) ) ;
#192 = CIRCLE ( 'NONE', #1337, 1.849999999999997424 ) ;
#193 = CARTESIAN_POINT ( 'NONE',  ( 4.898587196589411843E-16, 10.24999999999998757, 4.000000000000000000 ) ) ;
#194 = CONICAL_SURFACE ( 'NONE', #991, 1.850000000000004530, 0.7853981633974457255 ) ;
#195 = AXIS2_PLACEMENT_3D ( 'NONE', #1532, #611, #1421 ) ;
#196 =( GEOMETRIC_REPRESENTATION_CONTEXT ( 3 ) GLOBAL_UNCERTAINTY_ASSIGNED_CONTEXT ( ( #230 ) ) GLOBAL_UNIT_ASSIGNED_CONTEXT ( ( #295, #1491, #403 ) ) REPRESENTATION_CONTEXT ( 'NONE', 'WORKASPACE' ) );
#197 = AXIS2_PLACEMENT_3D ( 'NONE', #325, #83, #312 ) ;
#198 = AXIS2_PLACEMENT_3D ( 'NONE', #1389, #199, #675 ) ;
#199 = DIRECTION ( 'NONE',  ( 0.000000000000000000, 1.000000000000000000, 0.000000000000000000 ) ) ;
#200 = CIRCLE ( 'NONE', #1275, 3.249999999999997780 ) ;
#201 = DIRECTION ( 'NONE',  ( 0.000000000000000000, 1.000000000000000000, 0.000000000000000000 ) ) ;
#202 = VECTOR ( 'NONE', #236, 1000.000000000000114 ) ;
#203 = DIRECTION ( 'NONE',  ( -0.000000000000000000, -1.000000000000000000, -0.000000000000000000 ) ) ;
#204 = DIRECTION ( 'NONE',  ( 0.000000000000000000, 0.000000000000000000, 1.000000000000000000 ) ) ;
#205 = CARTESIAN_POINT ( 'NONE',  ( 1.599999999999999201, 5.000000000000000000, -9.000000000000000000 ) ) ;
#206 = DIRECTION ( 'NONE',  ( 0.000000000000000000, -1.000000000000000000, 0.000000000000000000 ) ) ;
#207 = CARTESIAN_POINT ( 'NONE',  ( -9.000000000000000000, 10.00000000000000000, 3.249999999999997780 ) ) ;
#208 = PLANE ( 'NONE',  #695 ) ;
#209 = CARTESIAN_POINT ( 'NONE',  ( 3.980102097228896752E-16, 5.000000000000000000, -12.24999999999999822 ) ) ;
#210 = FACE_OUTER_BOUND ( 'NONE', #121, .T. ) ;
#211 = VERTEX_POINT ( 'NONE', #1353 ) ;
#212 = ORIENTED_EDGE ( 'NONE', *, *, #182, .T. ) ;
#213 = DIRECTION ( 'NONE',  ( -0.000000000000000000, -1.000000000000000000, -0.000000000000000000 ) ) ;
#214 = VECTOR ( 'NONE', #232, 1000.000000000000000 ) ;
#215 = AXIS2_PLACEMENT_3D ( 'NONE', #1117, #1223, #622 ) ;
#216 = CARTESIAN_POINT ( 'NONE',  ( 1.959434878635763751E-16, 5.000000000000000000, 7.400000000000000355 ) ) ;
#217 = CIRCLE ( 'NONE', #939, 1.599999999999998979 ) ;
#218 = DIRECTION ( 'NONE',  ( 0.000000000000000000, 1.000000000000000000, 0.000000000000000000 ) ) ;
#219 = ORIENTED_EDGE ( 'NONE', *, *, #1425, .T. ) ;
#220 = CONICAL_SURFACE ( 'NONE', #718, 13.50000000000000000, 0.7853981633974447263 ) ;
#221 = ORIENTED_EDGE ( 'NONE', *, *, #1050, .T. ) ;
#222 = EDGE_CURVE ( 'NONE', #291, #1414, #935, .T. ) ;
#223 = FACE_BOUND ( 'NONE', #713, .T. ) ;
#224 = CARTESIAN_POINT ( 'NONE',  ( 0.000000000000000000, 9.749999999999996447, 9.000000000000000000 ) ) ;
#225 = DIRECTION ( 'NONE',  ( 0.000000000000000000, 1.000000000000000000, 0.000000000000000000 ) ) ;
#226 = ADVANCED_FACE ( 'NONE', ( #46 ), #55, .T. ) ;
#227 = VERTEX_POINT ( 'NONE', #1485 ) ;
#228 = FACE_BOUND ( 'NONE', #869, .T. ) ;
#229 = CARTESIAN_POINT ( 'NONE',  ( 0.000000000000000000, 10.00000000000000000, -9.000000000000000000 ) ) ;
#230 = UNCERTAINTY_MEASURE_WITH_UNIT (LENGTH_MEASURE( 1.000000000000000082E-05 ), #295, 'distance_accuracy_value', 'NONE');
#231 = ORIENTED_EDGE ( 'NONE', *, *, #842, .F. ) ;
#232 = DIRECTION ( 'NONE',  ( 8.659560562354911904E-17, -0.7071067811865493491, 0.7071067811865456854 ) ) ;
#233 = EDGE_LOOP ( 'NONE', ( #1423, #597, #3, #896 ) ) ;
#234 = PRODUCT_DEFINITION ( 'UNKNOWN', '', #902, #688 ) ;
#235 = AXIS2_PLACEMENT_3D ( 'NONE', #652, #1132, #58 ) ;
#236 = DIRECTION ( 'NONE',  ( 8.659560562354850274E-17, -0.7071067811865541231, 0.7071067811865408004 ) ) ;
#237 = AXIS2_PLACEMENT_3D ( 'NONE', #602, #1304, #123 ) ;
#238 = AXIS2_PLACEMENT_3D ( 'NONE', #326, #434, #313 ) ;
#239 = ORIENTED_EDGE ( 'NONE', *, *, #242, .T. ) ;
#240 = AXIS2_PLACEMENT_3D ( 'NONE', #879, #1350, #1238 ) ;
#241 = ORIENTED_EDGE ( 'NONE', *, *, #1412, .F. ) ;
#242 = EDGE_CURVE ( 'NONE', #1078, #728, #881, .T. ) ;
#243 = DIRECTION ( 'NONE',  ( -0.000000000000000000, 1.000000000000000000, -0.000000000000000000 ) ) ;
#244 = CIRCLE ( 'NONE', #498, 2.250000000000000000 ) ;
#245 = ORIENTED_EDGE ( 'NONE', *, *, #1398, .F. ) ;
#246 = DIRECTION ( 'NONE',  ( -0.000000000000000000, -1.000000000000000000, -0.000000000000000000 ) ) ;
#247 = ORIENTED_EDGE ( 'NONE', *, *, #1382, .F. ) ;
#248 = LINE ( 'NONE', #262, #475 ) ;
#249 = ADVANCED_FACE ( 'NONE', ( #411, #889, #1259, #1368, #296, #769 ), #1252, .T. ) ;
#250 = VERTEX_POINT ( 'NONE', #30 ) ;
#251 = VERTEX_POINT ( 'NONE', #909 ) ;
#252 = CARTESIAN_POINT ( 'NONE',  ( 0.000000000000000000, 10.00000000000000000, 9.000000000000000000 ) ) ;
#253 = ORIENTED_EDGE ( 'NONE', *, *, #328, .F. ) ;
#254 = DIRECTION ( 'NONE',  ( -0.000000000000000000, -1.000000000000000000, -0.000000000000000000 ) ) ;
#255 = EDGE_LOOP ( 'NONE', ( #1024, #698 ) ) ;
#256 = EDGE_LOOP ( 'NONE', ( #1097, #970 ) ) ;
#257 = ORIENTED_EDGE ( 'NONE', *, *, #557, .F. ) ;
#258 = DIRECTION ( 'NONE',  ( 0.000000000000000000, 0.000000000000000000, 1.000000000000000000 ) ) ;
#259 = VERTEX_POINT ( 'NONE', #69 ) ;
#260 = DIRECTION ( 'NONE',  ( 0.000000000000000000, -1.000000000000000000, 0.000000000000000000 ) ) ;
#261 = ORIENTED_EDGE ( 'NONE', *, *, #62, .F. ) ;
#262 = CARTESIAN_POINT ( 'NONE',  ( 0.000000000000000000, 0.000000000000000000, -2.499999999999995115 ) ) ;
#263 = EDGE_CURVE ( 'NONE', #96, #1078, #1394, .T. ) ;
#264 = AXIS2_PLACEMENT_3D ( 'NONE', #37, #61, #873 ) ;
#265 = VERTEX_POINT ( 'NONE', #193 ) ;
#266 = CARTESIAN_POINT ( 'NONE',  ( 0.000000000000000000, 10.00000000000000000, 0.000000000000000000 ) ) ;
#267 = ORIENTED_EDGE ( 'NONE', *, *, #358, .F. ) ;
#268 = AXIS2_PLACEMENT_3D ( 'NONE', #333, #218, #1174 ) ;
#269 = CARTESIAN_POINT ( 'NONE',  ( 0.000000000000000000, 0.000000000000000000, 0.000000000000000000 ) ) ;
#270 = AXIS2_PLACEMENT_3D ( 'NONE', #631, #1109, #392 ) ;
#271 = CARTESIAN_POINT ( 'NONE',  ( 1.959434878635763258E-16, 10.00000000000000000, -10.59999999999999787 ) ) ;
#272 = ORIENTED_EDGE ( 'NONE', *, *, #150, .T. ) ;
#273 = CIRCLE ( 'NONE', #73, 13.25000000000000355 ) ;
#274 = CARTESIAN_POINT ( 'NONE',  ( 0.000000000000000000, 10.00000000000000000, -5.750000000000001776 ) ) ;
#275 = ORIENTED_EDGE ( 'NONE', *, *, #1382, .T. ) ;
#276 = VECTOR ( 'NONE', #1454, 1000.000000000000000 ) ;
#277 = EDGE_CURVE ( 'NONE', #1115, #722, #1507, .T. ) ;
#278 = EDGE_CURVE ( 'NONE', #804, #499, #559, .T. ) ;
#279 = ORIENTED_EDGE ( 'NONE', *, *, #1026, .T. ) ;
#280 = CARTESIAN_POINT ( 'NONE',  ( 9.000000000000000000, 10.00000000000000000, 0.000000000000000000 ) ) ;
#281 = DIRECTION ( 'NONE',  ( 0.000000000000000000, 0.000000000000000000, 1.000000000000000000 ) ) ;
#282 = DIRECTION ( 'NONE',  ( -0.000000000000000000, 1.000000000000000000, -0.000000000000000000 ) ) ;
#283 = EDGE_CURVE ( 'NONE', #753, #153, #1032, .T. ) ;
#284 = CARTESIAN_POINT ( 'NONE',  ( 9.000000000000000000, 5.000000000000000000, 3.249999999999999556 ) ) ;
#285 = VERTEX_POINT ( 'NONE', #1281 ) ;
#286 = FACE_OUTER_BOUND ( 'NONE', #376, .T. ) ;
#287 = CARTESIAN_POINT ( 'NONE',  ( 9.000000000000000000, 0.2500000000000071609, 0.000000000000000000 ) ) ;
#288 = CARTESIAN_POINT ( 'NONE',  ( 0.000000000000000000, 7.000000000000000000, 0.000000000000000000 ) ) ;
#289 = DIRECTION ( 'NONE',  ( 0.000000000000000000, 1.000000000000000000, 0.000000000000000000 ) ) ;
#290 = DIRECTION ( 'NONE',  ( 0.000000000000000000, 0.000000000000000000, 1.000000000000000000 ) ) ;
#291 = VERTEX_POINT ( 'NONE', #441 ) ;
#292 = CARTESIAN_POINT ( 'NONE',  ( -9.000000000000000000, 0.000000000000000000, 0.000000000000000000 ) ) ;
#293 = CARTESIAN_POINT ( 'NONE',  ( 0.000000000000000000, 10.00000000000000000, 9.000000000000000000 ) ) ;
#294 = AXIS2_PLACEMENT_3D ( 'NONE', #304, #427, #1247 ) ;
#295 =( LENGTH_UNIT ( ) NAMED_UNIT ( * ) SI_UNIT ( .MILLI., .METRE. ) );
#296 = FACE_BOUND ( 'NONE', #115, .T. ) ;
#297 = ADVANCED_FACE ( 'NONE', ( #1409 ), #1371, .F. ) ;
#298 = AXIS2_PLACEMENT_3D ( 'NONE', #229, #459, #1297 ) ;
#299 = AXIS2_PLACEMENT_3D ( 'NONE', #1045, #206, #1284 ) ;
#300 = CARTESIAN_POINT ( 'NONE',  ( 0.000000000000000000, 5.000000000000000000, 12.24999999999999822 ) ) ;
#301 = ORIENTED_EDGE ( 'NONE', *, *, #1445, .F. ) ;
#302 = AXIS2_PLACEMENT_3D ( 'NONE', #287, #760, #1125 ) ;
#303 = AXIS2_PLACEMENT_3D ( 'NONE', #162, #1119, #290 ) ;
#304 = CARTESIAN_POINT ( 'NONE',  ( 10.59999999999999787, 5.000000000000000000, 0.000000000000000000 ) ) ;
#305 = FACE_OUTER_BOUND ( 'NONE', #1345, .T. ) ;
#306 = ORIENTED_EDGE ( 'NONE', *, *, #1501, .T. ) ;
#307 = CARTESIAN_POINT ( 'NONE',  ( 9.000000000000000000, 10.00000000000000000, 3.499999999999996003 ) ) ;
#308 = EDGE_CURVE ( 'NONE', #1453, #851, #668, .T. ) ;
#309 = FACE_OUTER_BOUND ( 'NONE', #371, .T. ) ;
#310 = EDGE_LOOP ( 'NONE', ( #33, #1201 ) ) ;
#311 = CARTESIAN_POINT ( 'NONE',  ( 0.000000000000000000, 45.00000000000000000, 0.000000000000000000 ) ) ;
#312 = DIRECTION ( 'NONE',  ( 0.000000000000000000, 0.000000000000000000, 1.000000000000000000 ) ) ;
#313 = DIRECTION ( 'NONE',  ( 0.000000000000000000, 0.000000000000000000, 1.000000000000000000 ) ) ;
#314 = DIRECTION ( 'NONE',  ( 0.000000000000000000, 0.000000000000000000, 1.000000000000000000 ) ) ;
#315 = ADVANCED_FACE ( 'NONE', ( #318 ), #790, .T. ) ;
#316 = CARTESIAN_POINT ( 'NONE',  ( -9.000000000000000000, 10.00000000000000000, -3.249999999999997780 ) ) ;
#317 = CARTESIAN_POINT ( 'NONE',  ( -9.000000000000000000, 9.749999999999996447, 0.000000000000000000 ) ) ;
#318 = FACE_OUTER_BOUND ( 'NONE', #982, .T. ) ;
#319 = CONICAL_SURFACE ( 'NONE', #768, 1.849999999999990541, 0.7853981633974388421 ) ;
#320 = EDGE_CURVE ( 'NONE', #1081, #753, #1164, .T. ) ;
#321 = LINE ( 'NONE', #316, #361 ) ;
#322 = CARTESIAN_POINT ( 'NONE',  ( 0.000000000000000000, 9.750000000000003553, -13.50000000000000000 ) ) ;
#323 = DIRECTION ( 'NONE',  ( -0.000000000000000000, -1.000000000000000000, -0.000000000000000000 ) ) ;
#324 = LINE ( 'NONE', #1063, #872 ) ;
#325 = CARTESIAN_POINT ( 'NONE',  ( 0.000000000000000000, 9.749999999999996447, -9.000000000000000000 ) ) ;
#326 = CARTESIAN_POINT ( 'NONE',  ( 9.000000000000000000, 5.000000000000000000, 0.000000000000000000 ) ) ;
#327 = ORIENTED_EDGE ( 'NONE', *, *, #347, .F. ) ;
#328 = EDGE_CURVE ( 'NONE', #155, #21, #1212, .T. ) ;
#329 = PRODUCT_DEFINITION_SHAPE ( 'NONE', 'NONE',  #234 ) ;
#330 = DIRECTION ( 'NONE',  ( 0.000000000000000000, -0.7071067811865493491, -0.7071067811865456854 ) ) ;
#331 = EDGE_CURVE ( 'NONE', #1208, #1331, #492, .T. ) ;
#332 = DIRECTION ( 'NONE',  ( -0.000000000000000000, -1.000000000000000000, -0.000000000000000000 ) ) ;
#333 = CARTESIAN_POINT ( 'NONE',  ( 0.000000000000000000, 0.000000000000000000, -9.000000000000000000 ) ) ;
#334 = ORIENTED_EDGE ( 'NONE', *, *, #980, .F. ) ;
#335 = EDGE_LOOP ( 'NONE', ( #962, #5 ) ) ;
#336 = CIRCLE ( 'NONE', #264, 1.599999999999998535 ) ;
#337 = LINE ( 'NONE', #940, #51 ) ;
#338 = AXIS2_PLACEMENT_3D ( 'NONE', #702, #346, #926 ) ;
#339 = AXIS2_PLACEMENT_3D ( 'NONE', #1231, #1099, #29 ) ;
#340 = VECTOR ( 'NONE', #1230, 1000.000000000000000 ) ;
#341 = FACE_OUTER_BOUND ( 'NONE', #764, .T. ) ;
#342 = CIRCLE ( 'NONE', #1401, 3.249999999999999556 ) ;
#343 = DIRECTION ( 'NONE',  ( 0.000000000000000000, 1.000000000000000000, 0.000000000000000000 ) ) ;
#344 = VERTEX_POINT ( 'NONE', #923 ) ;
#345 = CARTESIAN_POINT ( 'NONE',  ( 9.000000000000000000, 10.00000000000000000, -1.599999999999998090 ) ) ;
#346 = DIRECTION ( 'NONE',  ( 0.000000000000000000, -1.000000000000000000, 0.000000000000000000 ) ) ;
#347 = EDGE_CURVE ( 'NONE', #265, #862, #1056, .T. ) ;
#348 = CARTESIAN_POINT ( 'NONE',  ( 2.265596578422608524E-16, 0.000000000000000000, 10.85000000000000320 ) ) ;
#349 = EDGE_LOOP ( 'NONE', ( #136, #247 ) ) ;
#350 = FACE_BOUND ( 'NONE', #93, .T. ) ;
#351 = VERTEX_POINT ( 'NONE', #906 ) ;
#352 = ORIENTED_EDGE ( 'NONE', *, *, #278, .F. ) ;
#353 = FACE_OUTER_BOUND ( 'NONE', #588, .T. ) ;
#354 = ORIENTED_EDGE ( 'NONE', *, *, #62, .T. ) ;
#355 = CARTESIAN_POINT ( 'NONE',  ( -9.000000000000000000, 10.00000000000000000, 0.000000000000000000 ) ) ;
#356 = ORIENTED_EDGE ( 'NONE', *, *, #1207, .F. ) ;
#357 = LINE ( 'NONE', #735, #450 ) ;
#358 = EDGE_CURVE ( 'NONE', #1544, #28, #1341, .T. ) ;
#359 = AXIS2_PLACEMENT_3D ( 'NONE', #317, #681, #1510 ) ;
#360 = ORIENTED_EDGE ( 'NONE', *, *, #1501, .F. ) ;
#361 = VECTOR ( 'NONE', #1272, 1000.000000000000000 ) ;
#362 = EDGE_LOOP ( 'NONE', ( #1103, #370, #1202, #1204 ) ) ;
#363 = DIRECTION ( 'NONE',  ( 0.000000000000000000, -0.7071067811865541231, -0.7071067811865408004 ) ) ;
#364 = CONICAL_SURFACE ( 'NONE', #649, 4.249999999999989342, 0.7853981633974533860 ) ;
#365 = VECTOR ( 'NONE', #483, 1000.000000000000000 ) ;
#366 = ORIENTED_EDGE ( 'NONE', *, *, #1106, .T. ) ;
#367 = DIRECTION ( 'NONE',  ( 8.659560562354791110E-17, -0.7071067811865592301, 0.7071067811865359154 ) ) ;
#368 = ORIENTED_EDGE ( 'NONE', *, *, #1388, .T. ) ;
#369 = DIRECTION ( 'NONE',  ( 8.659560562354932858E-17, -0.7071067811865474617, 0.7071067811865474617 ) ) ;
#370 = ORIENTED_EDGE ( 'NONE', *, *, #1425, .F. ) ;
#371 = EDGE_LOOP ( 'NONE', ( #70, #272, #275, #356 ) ) ;
#372 = LINE ( 'NONE', #936, #1057 ) ;
#373 = ORIENTED_EDGE ( 'NONE', *, *, #636, .T. ) ;
#374 = EDGE_CURVE ( 'NONE', #1320, #251, #555, .T. ) ;
#375 = DIRECTION ( 'NONE',  ( 0.000000000000000000, 1.000000000000000000, 0.000000000000000000 ) ) ;
#376 = EDGE_LOOP ( 'NONE', ( #334, #212, #1520, #279 ) ) ;
#377 = ORIENTED_EDGE ( 'NONE', *, *, #1465, .F. ) ;
#378 = DIRECTION ( 'NONE',  ( -0.000000000000000000, -1.000000000000000000, -0.000000000000000000 ) ) ;
#379 = ORIENTED_EDGE ( 'NONE', *, *, #1540, .F. ) ;
#380 = CYLINDRICAL_SURFACE ( 'NONE', #1512, 1.599999999999998979 ) ;
#381 = ADVANCED_FACE ( 'NONE', ( #1488 ), #194, .F. ) ;
#382 = ADVANCED_FACE ( 'NONE', ( #341 ), #712, .F. ) ;
#383 = ORIENTED_EDGE ( 'NONE', *, *, #943, .T. ) ;
#384 = DIRECTION ( 'NONE',  ( 0.000000000000000000, 0.000000000000000000, 1.000000000000000000 ) ) ;
#385 = ORIENTED_EDGE ( 'NONE', *, *, #690, .F. ) ;
#386 = AXIS2_PLACEMENT_3D ( 'NONE', #508, #395, #756 ) ;
#387 = SHAPE_DEFINITION_REPRESENTATION ( #329, #451 ) ;
#388 = AXIS2_PLACEMENT_3D ( 'NONE', #486, #1311, #831 ) ;
#389 = EDGE_LOOP ( 'NONE', ( #1254, #1291 ) ) ;
#390 = CARTESIAN_POINT ( 'NONE',  ( 0.000000000000000000, 45.00000000000000000, -3.000000000000015543 ) ) ;
#391 = VECTOR ( 'NONE', #68, 1000.000000000000114 ) ;
#392 = DIRECTION ( 'NONE',  ( 0.000000000000000000, 0.000000000000000000, -1.000000000000000000 ) ) ;
#393 = EDGE_CURVE ( 'NONE', #117, #1257, #1182, .T. ) ;
#394 = AXIS2_PLACEMENT_3D ( 'NONE', #800, #1504, #433 ) ;
#395 = DIRECTION ( 'NONE',  ( 0.000000000000000000, 1.000000000000000000, 0.000000000000000000 ) ) ;
#396 = CIRCLE ( 'NONE', #1473, 3.000000000000015543 ) ;
#397 = LINE ( 'NONE', #274, #1219 ) ;
#398 = ORIENTED_EDGE ( 'NONE', *, *, #1465, .T. ) ;
#399 = VECTOR ( 'NONE', #1545, 1000.000000000000000 ) ;
#400 = EDGE_CURVE ( 'NONE', #423, #709, #617, .T. ) ;
#401 = CARTESIAN_POINT ( 'NONE',  ( 9.000000000000000000, 9.749999999999996447, 0.000000000000000000 ) ) ;
#402 = CARTESIAN_POINT ( 'NONE',  ( 3.673940397442079097E-16, 45.00000000000000000, 3.000000000000015543 ) ) ;
#403 =( NAMED_UNIT ( * ) SI_UNIT ( $, .STERADIAN. ) SOLID_ANGLE_UNIT ( ) );
#404 = DIRECTION ( 'NONE',  ( 0.000000000000000000, 0.000000000000000000, -1.000000000000000000 ) ) ;
#405 = ADVANCED_FACE ( 'NONE', ( #100 ), #472, .F. ) ;
#406 = DIRECTION ( 'NONE',  ( -0.000000000000000000, 1.000000000000000000, -0.000000000000000000 ) ) ;
#407 = ORIENTED_EDGE ( 'NONE', *, *, #690, .T. ) ;
#408 = EDGE_CURVE ( 'NONE', #211, #1457, #1310, .T. ) ;
#409 = DIRECTION ( 'NONE',  ( -0.000000000000000000, 1.000000000000000000, -0.000000000000000000 ) ) ;
#410 = LINE ( 'NONE', #1376, #340 ) ;
#411 = FACE_OUTER_BOUND ( 'NONE', #725, .T. ) ;
#412 = CARTESIAN_POINT ( 'NONE',  ( 9.000000000000000000, 10.00000000000000000, 0.000000000000000000 ) ) ;
#413 = ORIENTED_EDGE ( 'NONE', *, *, #156, .F. ) ;
#414 = EDGE_CURVE ( 'NONE', #1414, #291, #71, .T. ) ;
#415 = DIRECTION ( 'NONE',  ( -0.000000000000000000, -1.000000000000000000, -0.000000000000000000 ) ) ;
#416 = DIRECTION ( 'NONE',  ( 0.000000000000000000, 0.000000000000000000, 1.000000000000000000 ) ) ;
#417 = ORIENTED_EDGE ( 'NONE', *, *, #829, .T. ) ;
#418 = DIRECTION ( 'NONE',  ( 0.000000000000000000, 0.000000000000000000, 1.000000000000000000 ) ) ;
#419 = AXIS2_PLACEMENT_3D ( 'NONE', #1522, #323, #187 ) ;
#420 = LINE ( 'NONE', #271, #832 ) ;
#421 = AXIS2_PLACEMENT_3D ( 'NONE', #1548, #474, #1433 ) ;
#422 = VECTOR ( 'NONE', #676, 1000.000000000000114 ) ;
#423 = VERTEX_POINT ( 'NONE', #807 ) ;
#424 = AXIS2_PLACEMENT_3D ( 'NONE', #293, #766, #1256 ) ;
#425 = CIRCLE ( 'NONE', #525, 3.499999999999996003 ) ;
#426 = AXIS2_PLACEMENT_3D ( 'NONE', #1318, #1090, #615 ) ;
#427 = DIRECTION ( 'NONE',  ( 0.000000000000000000, -1.000000000000000000, 0.000000000000000000 ) ) ;
#428 = FACE_OUTER_BOUND ( 'NONE', #600, .T. ) ;
#429 = DIRECTION ( 'NONE',  ( -0.000000000000000000, 1.000000000000000000, -0.000000000000000000 ) ) ;
#430 = CARTESIAN_POINT ( 'NONE',  ( 9.000000000000000000, 9.749999999999996447, -3.249999999999997780 ) ) ;
#431 = ORIENTED_EDGE ( 'NONE', *, *, #707, .T. ) ;
#432 = ADVANCED_FACE ( 'NONE', ( #942 ), #444, .F. ) ;
#433 = DIRECTION ( 'NONE',  ( 0.000000000000000000, 0.000000000000000000, 1.000000000000000000 ) ) ;
#434 = DIRECTION ( 'NONE',  ( -0.000000000000000000, 1.000000000000000000, -0.000000000000000000 ) ) ;
#435 = DIRECTION ( 'NONE',  ( -0.000000000000000000, 1.000000000000000000, -0.000000000000000000 ) ) ;
#436 = EDGE_CURVE ( 'NONE', #351, #499, #14, .T. ) ;
#437 = ADVANCED_FACE ( 'NONE', ( #583 ), #1166, .T. ) ;
#438 = FACE_BOUND ( 'NONE', #349, .T. ) ;
#439 = DIRECTION ( 'NONE',  ( 0.000000000000000000, 0.000000000000000000, 1.000000000000000000 ) ) ;
#440 = CIRCLE ( 'NONE', #1417, 2.250000000000000000 ) ;
#441 = CARTESIAN_POINT ( 'NONE',  ( 2.265596578422591761E-16, 0.000000000000000000, -7.150000000000008349 ) ) ;
#442 = EDGE_CURVE ( 'NONE', #351, #250, #1033, .T. ) ;
#443 = VECTOR ( 'NONE', #81, 1000.000000000000114 ) ;
#444 = CONICAL_SURFACE ( 'NONE', #1516, 1.849999999999997424, 0.7853981633974318477 ) ;
#445 = AXIS2_PLACEMENT_3D ( 'NONE', #1028, #558, #788 ) ;
#446 = CARTESIAN_POINT ( 'NONE',  ( 3.980102097228894780E-16, 10.00000000000000000, 5.750000000000001776 ) ) ;
#447 = CIRCLE ( 'NONE', #471, 4.249999999999991118 ) ;
#448 = VECTOR ( 'NONE', #88, 1000.000000000000000 ) ;
#449 = DIRECTION ( 'NONE',  ( 0.000000000000000000, 0.000000000000000000, 1.000000000000000000 ) ) ;
#450 = VECTOR ( 'NONE', #369, 1000.000000000000114 ) ;
#451 = ADVANCED_BREP_SHAPE_REPRESENTATION ( 'Prop Shaft Adapter', ( #575, #1351 ), #1042 ) ;
#452 = CARTESIAN_POINT ( 'NONE',  ( -7.400000000000000355, 5.000000000000000000, 0.000000000000000000 ) ) ;
#453 = ORIENTED_EDGE ( 'NONE', *, *, #1533, .T. ) ;
#454 = CARTESIAN_POINT ( 'NONE',  ( 9.000000000000000000, 5.000000000000000000, 0.000000000000000000 ) ) ;
#455 = ADVANCED_FACE ( 'NONE', ( #479 ), #131, .F. ) ;
#456 = FACE_OUTER_BOUND ( 'NONE', #750, .T. ) ;
#457 = DIRECTION ( 'NONE',  ( 0.000000000000000000, 0.000000000000000000, 1.000000000000000000 ) ) ;
#458 = EDGE_CURVE ( 'NONE', #979, #1115, #1536, .T. ) ;
#459 = DIRECTION ( 'NONE',  ( -0.000000000000000000, 1.000000000000000000, -0.000000000000000000 ) ) ;
#460 = ORIENTED_EDGE ( 'NONE', *, *, #358, .T. ) ;
#461 = PRODUCT ( 'Prop Shaft Adapter', 'Prop Shaft Adapter', '', ( #1104 ) ) ;
#462 = ORIENTED_EDGE ( 'NONE', *, *, #819, .T. ) ;
#463 = FACE_OUTER_BOUND ( 'NONE', #663, .T. ) ;
#464 = DIRECTION ( 'NONE',  ( -0.000000000000000000, -1.000000000000000000, -0.000000000000000000 ) ) ;
#465 = AXIS2_PLACEMENT_3D ( 'NONE', #762, #540, #1000 ) ;
#466 = AXIS2_PLACEMENT_3D ( 'NONE', #683, #662, #1038 ) ;
#467 = VERTEX_POINT ( 'NONE', #1513 ) ;
#468 = CARTESIAN_POINT ( 'NONE',  ( 3.980102097228894780E-16, 9.749999999999996447, 5.750000000000001776 ) ) ;
#469 = AXIS2_PLACEMENT_3D ( 'NONE', #985, #887, #1477 ) ;
#470 = EDGE_CURVE ( 'NONE', #1331, #979, #372, .T. ) ;
#471 = AXIS2_PLACEMENT_3D ( 'NONE', #1405, #332, #457 ) ;
#472 = CYLINDRICAL_SURFACE ( 'NONE', #298, 1.599999999999998979 ) ;
#473 = VECTOR ( 'NONE', #1205, 1000.000000000000000 ) ;
#474 = DIRECTION ( 'NONE',  ( -0.000000000000000000, -1.000000000000000000, -0.000000000000000000 ) ) ;
#475 = VECTOR ( 'NONE', #954, 1000.000000000000114 ) ;
#476 = ORIENTED_EDGE ( 'NONE', *, *, #1508, .F. ) ;
#477 = DIRECTION ( 'NONE',  ( 0.000000000000000000, 1.000000000000000000, 0.000000000000000000 ) ) ;
#478 = VERTEX_POINT ( 'NONE', #817 ) ;
#479 = FACE_OUTER_BOUND ( 'NONE', #1002, .T. ) ;
#480 = VERTEX_POINT ( 'NONE', #1452 ) ;
#481 = DIRECTION ( 'NONE',  ( 0.000000000000000000, 0.000000000000000000, 1.000000000000000000 ) ) ;
#482 = VERTEX_POINT ( 'NONE', #950 ) ;
#483 = DIRECTION ( 'NONE',  ( -0.000000000000000000, 1.000000000000000000, -0.000000000000000000 ) ) ;
#484 = ORIENTED_EDGE ( 'NONE', *, *, #825, .F. ) ;
#485 = VERTEX_POINT ( 'NONE', #969 ) ;
#486 = CARTESIAN_POINT ( 'NONE',  ( -9.000000000000000000, 10.00000000000000000, 0.000000000000000000 ) ) ;
#487 = ORIENTED_EDGE ( 'NONE', *, *, #701, .F. ) ;
#488 = CARTESIAN_POINT ( 'NONE',  ( 0.000000000000000000, 10.00000000000000000, -7.400000000000000355 ) ) ;
#489 = CIRCLE ( 'NONE', #1083, 3.249999999999997780 ) ;
#490 = ORIENTED_EDGE ( 'NONE', *, *, #1429, .T. ) ;
#491 = DIRECTION ( 'NONE',  ( -0.000000000000000000, -1.000000000000000000, -0.000000000000000000 ) ) ;
#492 = CIRCLE ( 'NONE', #1307, 3.249999999999999556 ) ;
#493 = COLOUR_RGB ( '',0.7921568627450980005, 0.8196078431372548767, 0.9333333333333333481 ) ;
#494 = ORIENTED_EDGE ( 'NONE', *, *, #1515, .F. ) ;
#495 = AXIS2_PLACEMENT_3D ( 'NONE', #266, #1012, #149 ) ;
#496 = ORIENTED_EDGE ( 'NONE', *, *, #595, .T. ) ;
#497 = CARTESIAN_POINT ( 'NONE',  ( 0.000000000000000000, 9.749999999999996447, -9.000000000000000000 ) ) ;
#498 = AXIS2_PLACEMENT_3D ( 'NONE', #700, #120, #568 ) ;
#499 = VERTEX_POINT ( 'NONE', #560 ) ;
#500 = FACE_OUTER_BOUND ( 'NONE', #601, .T. ) ;
#501 = VERTEX_POINT ( 'NONE', #703 ) ;
#502 = CARTESIAN_POINT ( 'NONE',  ( 3.061616997868377225E-16, 0.000000000000000000, 2.499999999999995115 ) ) ;
#503 = EDGE_CURVE ( 'NONE', #499, #67, #958, .T. ) ;
#504 = ORIENTED_EDGE ( 'NONE', *, *, #607, .F. ) ;
#505 = CYLINDRICAL_SURFACE ( 'NONE', #1346, 2.250000000000000000 ) ;
#506 = ORIENTED_EDGE ( 'NONE', *, *, #1075, .F. ) ;
#507 = DIRECTION ( 'NONE',  ( 0.000000000000000000, -0.000000000000000000, 1.000000000000000000 ) ) ;
#508 = CARTESIAN_POINT ( 'NONE',  ( 0.000000000000000000, 45.00000000000000000, 0.000000000000000000 ) ) ;
#509 = ORIENTED_EDGE ( 'NONE', *, *, #519, .F. ) ;
#510 = CARTESIAN_POINT ( 'NONE',  ( 0.000000000000000000, 10.00000000000000000, -13.50000000000000000 ) ) ;
#511 = EDGE_LOOP ( 'NONE', ( #603, #1195, #373, #1111 ) ) ;
#512 = ADVANCED_FACE ( 'NONE', ( #353 ), #1184, .F. ) ;
#513 = EDGE_LOOP ( 'NONE', ( #758, #1343 ) ) ;
#514 = CARTESIAN_POINT ( 'NONE',  ( 0.000000000000000000, 0.2499999999999941436, 0.000000000000000000 ) ) ;
#515 = DIRECTION ( 'NONE',  ( 0.000000000000000000, 0.000000000000000000, 1.000000000000000000 ) ) ;
#516 = CARTESIAN_POINT ( 'NONE',  ( 0.000000000000000000, 10.00000000000000000, -9.000000000000000000 ) ) ;
#517 = CARTESIAN_POINT ( 'NONE',  ( 0.000000000000000000, 10.00000000000000000, 10.59999999999999787 ) ) ;
#518 = ORIENTED_EDGE ( 'NONE', *, *, #222, .F. ) ;
#519 = EDGE_CURVE ( 'NONE', #480, #127, #913, .T. ) ;
#520 = ORIENTED_EDGE ( 'NONE', *, *, #156, .T. ) ;
#521 = CARTESIAN_POINT ( 'NONE',  ( 1.653273178848926867E-15, 10.00000000000000000, 13.50000000000000000 ) ) ;
#522 = CARTESIAN_POINT ( 'NONE',  ( 0.000000000000000000, 45.00000000000000000, -3.000000000000015543 ) ) ;
#523 = AXIS2_PLACEMENT_3D ( 'NONE', #806, #1289, #556 ) ;
#524 = CARTESIAN_POINT ( 'NONE',  ( 0.000000000000000000, 45.00000000000000000, 0.000000000000000000 ) ) ;
#525 = AXIS2_PLACEMENT_3D ( 'NONE', #655, #1136, #641 ) ;
#526 = DIRECTION ( 'NONE',  ( 0.000000000000000000, 0.000000000000000000, 1.000000000000000000 ) ) ;
#527 = ORIENTED_EDGE ( 'NONE', *, *, #1210, .T. ) ;
#528 = EDGE_CURVE ( 'NONE', #467, #1414, #1442, .T. ) ;
#529 = FACE_OUTER_BOUND ( 'NONE', #731, .T. ) ;
#530 = DIRECTION ( 'NONE',  ( 0.000000000000000000, -1.000000000000000000, 0.000000000000000000 ) ) ;
#531 = FACE_OUTER_BOUND ( 'NONE', #1140, .T. ) ;
#532 = DIRECTION ( 'NONE',  ( 0.000000000000000000, 0.000000000000000000, 1.000000000000000000 ) ) ;
#533 = EDGE_CURVE ( 'NONE', #1073, #153, #170, .T. ) ;
#534 = CARTESIAN_POINT ( 'NONE',  ( 3.980102097228894780E-16, 9.749999999999996447, -12.24999999999999645 ) ) ;
#535 = ORIENTED_EDGE ( 'NONE', *, *, #408, .T. ) ;
#536 = DIRECTION ( 'NONE',  ( -0.000000000000000000, -1.000000000000000000, -0.000000000000000000 ) ) ;
#537 = DIRECTION ( 'NONE',  ( 0.000000000000000000, -0.000000000000000000, -1.000000000000000000 ) ) ;
#538 = ORIENTED_EDGE ( 'NONE', *, *, #1364, .T. ) ;
#539 = DIRECTION ( 'NONE',  ( -0.000000000000000000, -1.000000000000000000, -0.000000000000000000 ) ) ;
#540 = DIRECTION ( 'NONE',  ( 0.000000000000000000, 1.000000000000000000, 0.000000000000000000 ) ) ;
#541 = ORIENTED_EDGE ( 'NONE', *, *, #819, .F. ) ;
#542 = APPLICATION_CONTEXT ( 'automotive_design' ) ;
#543 = FACE_OUTER_BOUND ( 'NONE', #1113, .T. ) ;
#544 = CARTESIAN_POINT ( 'NONE',  ( 1.653273178848926867E-15, 0.2500000000000088818, 13.50000000000000000 ) ) ;
#545 = DIRECTION ( 'NONE',  ( 0.000000000000000000, 0.000000000000000000, 1.000000000000000000 ) ) ;
#546 = VECTOR ( 'NONE', #1160, 1000.000000000000114 ) ;
#547 = CARTESIAN_POINT ( 'NONE',  ( 0.000000000000000000, 5.000000000000000000, -9.000000000000000000 ) ) ;
#548 = EDGE_CURVE ( 'NONE', #574, #1378, #1427, .T. ) ;
#549 = ORIENTED_EDGE ( 'NONE', *, *, #1286, .F. ) ;
#550 = CIRCLE ( 'NONE', #794, 3.249999999999997780 ) ;
#551 = CARTESIAN_POINT ( 'NONE',  ( 0.000000000000000000, 0.000000000000000000, 13.24999999999999289 ) ) ;
#552 = EDGE_CURVE ( 'NONE', #485, #85, #566, .T. ) ;
#553 = PLANE ( 'NONE',  #445 ) ;
#554 = ADVANCED_FACE ( 'NONE', ( #1074 ), #1087, .F. ) ;
#555 = LINE ( 'NONE', #1029, #864 ) ;
#556 = DIRECTION ( 'NONE',  ( 0.000000000000000000, 0.000000000000000000, 1.000000000000000000 ) ) ;
#557 = EDGE_CURVE ( 'NONE', #1466, #972, #944, .T. ) ;
#558 = DIRECTION ( 'NONE',  ( 0.000000000000000000, 1.000000000000000000, 0.000000000000000000 ) ) ;
#559 = LINE ( 'NONE', #207, #1514 ) ;
#560 = CARTESIAN_POINT ( 'NONE',  ( -9.000000000000000000, 9.749999999999996447, 3.249999999999997780 ) ) ;
#561 = ADVANCED_FACE ( 'NONE', ( #1185 ), #1322, .F. ) ;
#562 = CARTESIAN_POINT ( 'NONE',  ( 0.000000000000000000, 0.000000000000000000, 0.000000000000000000 ) ) ;
#563 = FACE_OUTER_BOUND ( 'NONE', #256, .T. ) ;
#564 = EDGE_LOOP ( 'NONE', ( #1447, #736 ) ) ;
#565 = DIRECTION ( 'NONE',  ( 0.000000000000000000, 0.000000000000000000, -1.000000000000000000 ) ) ;
#566 = CIRCLE ( 'NONE', #1373, 3.499999999999996003 ) ;
#567 = CIRCLE ( 'NONE', #693, 2.250000000000000000 ) ;
#568 = DIRECTION ( 'NONE',  ( 0.000000000000000000, 0.000000000000000000, 1.000000000000000000 ) ) ;
#569 = ADVANCED_FACE ( 'NONE', ( #1082 ), #1067, .F. ) ;
#570 = AXIS2_PLACEMENT_3D ( 'NONE', #355, #1463, #384 ) ;
#571 = CARTESIAN_POINT ( 'NONE',  ( 2.265596578422608524E-16, 0.000000000000000000, 10.85000000000000320 ) ) ;
#572 = CIRCLE ( 'NONE', #1319, 3.499999999999996003 ) ;
#573 = CARTESIAN_POINT ( 'NONE',  ( -9.000000000000000000, 10.00000000000000000, 0.000000000000000000 ) ) ;
#574 = VERTEX_POINT ( 'NONE', #679 ) ;
#575 = MANIFOLD_SOLID_BREP ( 'Chamfer2', #1266 ) ;
#576 = VERTEX_POINT ( 'NONE', #860 ) ;
#577 = ADVANCED_FACE ( 'NONE', ( #1014 ), #1156, .F. ) ;
#578 = LINE ( 'NONE', #345, #399 ) ;
#579 = DIRECTION ( 'NONE',  ( 0.000000000000000000, 0.000000000000000000, 1.000000000000000000 ) ) ;
#580 = DIRECTION ( 'NONE',  ( 0.000000000000000000, 0.000000000000000000, -1.000000000000000000 ) ) ;
#581 = EDGE_LOOP ( 'NONE', ( #1335, #775 ) ) ;
#582 = PLANE ( 'NONE',  #1277 ) ;
#583 = FACE_OUTER_BOUND ( 'NONE', #594, .T. ) ;
#584 = DIRECTION ( 'NONE',  ( -0.000000000000000000, 1.000000000000000000, -0.000000000000000000 ) ) ;
#585 = CIRCLE ( 'NONE', #1181, 3.249999999999999556 ) ;
#586 = EDGE_CURVE ( 'NONE', #285, #1544, #1367, .T. ) ;
#587 = AXIS2_PLACEMENT_3D ( 'NONE', #654, #1134, #1100 ) ;
#588 = EDGE_LOOP ( 'NONE', ( #637, #1321, #853, #487 ) ) ;
#589 = AXIS2_PLACEMENT_3D ( 'NONE', #824, #343, #710 ) ;
#590 = CYLINDRICAL_SURFACE ( 'NONE', #1220, 3.249999999999997780 ) ;
#591 = CIRCLE ( 'NONE', #1495, 1.850000000000004530 ) ;
#592 = AXIS2_PLACEMENT_3D ( 'NONE', #205, #260, #1446 ) ;
#593 = VECTOR ( 'NONE', #367, 1000.000000000000114 ) ;
#594 = EDGE_LOOP ( 'NONE', ( #1440, #383, #808, #1415 ) ) ;
#595 = EDGE_CURVE ( 'NONE', #753, #1081, #1539, .T. ) ;
#596 = DIRECTION ( 'NONE',  ( -0.000000000000000000, 1.000000000000000000, -0.000000000000000000 ) ) ;
#597 = ORIENTED_EDGE ( 'NONE', *, *, #1010, .F. ) ;
#598 = EDGE_LOOP ( 'NONE', ( #1464, #1187, #855, #504 ) ) ;
#599 = FACE_BOUND ( 'NONE', #141, .T. ) ;
#600 = EDGE_LOOP ( 'NONE', ( #1089, #1323, #1130, #1300 ) ) ;
#601 = EDGE_LOOP ( 'NONE', ( #779, #42, #937, #1243 ) ) ;
#602 = CARTESIAN_POINT ( 'NONE',  ( 0.000000000000000000, 10.00000000000000000, 0.000000000000000000 ) ) ;
#603 = ORIENTED_EDGE ( 'NONE', *, *, #943, .F. ) ;
#604 = LINE ( 'NONE', #510, #1041 ) ;
#605 = ORIENTED_EDGE ( 'NONE', *, *, #442, .F. ) ;
#606 = CARTESIAN_POINT ( 'NONE',  ( 3.980102097228894780E-16, 9.749999999999996447, 5.750000000000001776 ) ) ;
#607 = EDGE_CURVE ( 'NONE', #501, #709, #747, .T. ) ;
#608 = ORIENTED_EDGE ( 'NONE', *, *, #103, .T. ) ;
#609 = ORIENTED_EDGE ( 'NONE', *, *, #988, .T. ) ;
#610 = ADVANCED_FACE ( 'NONE', ( #998 ), #1468, .F. ) ;
#611 = DIRECTION ( 'NONE',  ( 0.000000000000000000, -1.000000000000000000, 0.000000000000000000 ) ) ;
#612 = EDGE_LOOP ( 'NONE', ( #1179, #453, #147, #1076 ) ) ;
#613 = DIRECTION ( 'NONE',  ( -0.000000000000000000, -1.000000000000000000, -0.000000000000000000 ) ) ;
#614 = ORIENTED_EDGE ( 'NONE', *, *, #647, .T. ) ;
#615 = DIRECTION ( 'NONE',  ( 0.000000000000000000, 0.000000000000000000, 1.000000000000000000 ) ) ;
#616 = AXIS2_PLACEMENT_3D ( 'NONE', #224, #816, #1055 ) ;
#617 = CIRCLE ( 'NONE', #1441, 13.50000000000000000 ) ;
#618 = VECTOR ( 'NONE', #429, 1000.000000000000000 ) ;
#619 = EDGE_LOOP ( 'NONE', ( #1313, #379 ) ) ;
#620 = AXIS2_PLACEMENT_3D ( 'NONE', #159, #184, #1458 ) ;
#621 = ORIENTED_EDGE ( 'NONE', *, *, #955, .F. ) ;
#622 = DIRECTION ( 'NONE',  ( 0.000000000000000000, 0.000000000000000000, 1.000000000000000000 ) ) ;
#623 = AXIS2_PLACEMENT_3D ( 'NONE', #770, #48, #180 ) ;
#624 = DIRECTION ( 'NONE',  ( -0.000000000000000000, 1.000000000000000000, -0.000000000000000000 ) ) ;
#625 = CIRCLE ( 'NONE', #815, 4.000000000000000000 ) ;
#626 = ORIENTED_EDGE ( 'NONE', *, *, #1131, .T. ) ;
#627 = LINE ( 'NONE', #733, #473 ) ;
#628 = VERTEX_POINT ( 'NONE', #738 ) ;
#629 = ORIENTED_EDGE ( 'NONE', *, *, #820, .F. ) ;
#630 = DIRECTION ( 'NONE',  ( 0.000000000000000000, 0.000000000000000000, -1.000000000000000000 ) ) ;
#631 = CARTESIAN_POINT ( 'NONE',  ( 0.000000000000000000, 7.000000000000000000, 0.000000000000000000 ) ) ;
#632 = CARTESIAN_POINT ( 'NONE',  ( -9.000000000000000000, 0.000000000000000000, -1.849999999999997424 ) ) ;
#633 = ORIENTED_EDGE ( 'NONE', *, *, #829, .F. ) ;
#634 = CARTESIAN_POINT ( 'NONE',  ( 0.000000000000000000, 9.749999999999996447, 9.000000000000000000 ) ) ;
#635 = ORIENTED_EDGE ( 'NONE', *, *, #784, .T. ) ;
#636 = EDGE_CURVE ( 'NONE', #891, #1457, #142, .T. ) ;
#637 = ORIENTED_EDGE ( 'NONE', *, *, #157, .F. ) ;
#638 = CARTESIAN_POINT ( 'NONE',  ( 0.000000000000000000, 5.000000000000000000, 9.000000000000000000 ) ) ;
#639 = SURFACE_STYLE_FILL_AREA ( #761 ) ;
#640 = CARTESIAN_POINT ( 'NONE',  ( 0.000000000000000000, 0.000000000000000000, -9.000000000000000000 ) ) ;
#641 = DIRECTION ( 'NONE',  ( 0.000000000000000000, 0.000000000000000000, 1.000000000000000000 ) ) ;
#642 = ORIENTED_EDGE ( 'NONE', *, *, #374, .T. ) ;
#643 = AXIS2_PLACEMENT_3D ( 'NONE', #640, #1128, #1007 ) ;
#644 = DIRECTION ( 'NONE',  ( 0.000000000000000000, 0.000000000000000000, 1.000000000000000000 ) ) ;
#645 = CARTESIAN_POINT ( 'NONE',  ( 0.000000000000000000, 5.000000000000000000, 9.000000000000000000 ) ) ;
#646 = CARTESIAN_POINT ( 'NONE',  ( 9.000000000000000000, 10.00000000000000000, 0.000000000000000000 ) ) ;
#647 = EDGE_CURVE ( 'NONE', #67, #250, #938, .T. ) ;
#648 = CARTESIAN_POINT ( 'NONE',  ( 0.000000000000000000, 7.000000000000000000, 0.000000000000000000 ) ) ;
#649 = AXIS2_PLACEMENT_3D ( 'NONE', #6, #961, #32 ) ;
#650 = DIRECTION ( 'NONE',  ( 0.000000000000000000, 0.000000000000000000, 1.000000000000000000 ) ) ;
#651 = ORIENTED_EDGE ( 'NONE', *, *, #955, .T. ) ;
#652 = CARTESIAN_POINT ( 'NONE',  ( 9.000000000000000000, 10.00000000000000000, 0.000000000000000000 ) ) ;
#653 = CARTESIAN_POINT ( 'NONE',  ( 0.000000000000000000, 7.000000000000000000, 0.000000000000000000 ) ) ;
#654 = CARTESIAN_POINT ( 'NONE',  ( 0.000000000000000000, 10.00000000000000000, 0.000000000000000000 ) ) ;
#655 = CARTESIAN_POINT ( 'NONE',  ( 0.000000000000000000, 10.00000000000000000, -9.000000000000000000 ) ) ;
#656 = EDGE_LOOP ( 'NONE', ( #739, #541, #1503, #267 ) ) ;
#657 = EDGE_CURVE ( 'NONE', #1455, #1120, #89, .T. ) ;
#658 = DIRECTION ( 'NONE',  ( 0.000000000000000000, 1.000000000000000000, 0.000000000000000000 ) ) ;
#659 = CARTESIAN_POINT ( 'NONE',  ( -9.000000000000000000, 9.749999999999996447, 0.000000000000000000 ) ) ;
#660 = VERTEX_POINT ( 'NONE', #1127 ) ;
#661 = CARTESIAN_POINT ( 'NONE',  ( 0.000000000000000000, 9.749999999999996447, 9.000000000000000000 ) ) ;
#662 = DIRECTION ( 'NONE',  ( -0.000000000000000000, -1.000000000000000000, -0.000000000000000000 ) ) ;
#663 = EDGE_LOOP ( 'NONE', ( #385, #306, #727, #1432 ) ) ;
#664 = ADVANCED_FACE ( 'NONE', ( #531 ), #151, .F. ) ;
#665 = EDGE_CURVE ( 'NONE', #134, #2, #1020, .T. ) ;
#666 = DIRECTION ( 'NONE',  ( -0.000000000000000000, 1.000000000000000000, -0.000000000000000000 ) ) ;
#667 = DIRECTION ( 'NONE',  ( -0.000000000000000000, -1.000000000000000000, -0.000000000000000000 ) ) ;
#668 = CIRCLE ( 'NONE', #1267, 3.499999999999996003 ) ;
#669 = CARTESIAN_POINT ( 'NONE',  ( 1.959434878635763258E-16, 10.00000000000000000, 7.400000000000000355 ) ) ;
#670 = DIRECTION ( 'NONE',  ( 0.000000000000000000, 0.000000000000000000, 1.000000000000000000 ) ) ;
#671 = VECTOR ( 'NONE', #168, 1000.000000000000000 ) ;
#672 = VECTOR ( 'NONE', #870, 1000.000000000000000 ) ;
#673 = EDGE_CURVE ( 'NONE', #746, #467, #1396, .T. ) ;
#674 = VECTOR ( 'NONE', #1242, 1000.000000000000114 ) ;
#675 = DIRECTION ( 'NONE',  ( 0.000000000000000000, 0.000000000000000000, 1.000000000000000000 ) ) ;
#676 = DIRECTION ( 'NONE',  ( 0.000000000000000000, 0.7071067811865549002, 0.7071067811865402453 ) ) ;
#677 = DIRECTION ( 'NONE',  ( 0.000000000000000000, 0.000000000000000000, 1.000000000000000000 ) ) ;
#678 = EDGE_CURVE ( 'NONE', #922, #972, #591, .T. ) ;
#679 = CARTESIAN_POINT ( 'NONE',  ( 3.980102097228896752E-16, 5.000000000000000000, 5.750000000000000000 ) ) ;
#680 = CARTESIAN_POINT ( 'NONE',  ( 0.000000000000000000, 0.000000000000000000, -9.000000000000000000 ) ) ;
#681 = DIRECTION ( 'NONE',  ( 0.000000000000000000, 1.000000000000000000, 0.000000000000000000 ) ) ;
#682 = ORIENTED_EDGE ( 'NONE', *, *, #528, .F. ) ;
#683 = CARTESIAN_POINT ( 'NONE',  ( 9.000000000000000000, 0.000000000000000000, 0.000000000000000000 ) ) ;
#684 = ADVANCED_FACE ( 'NONE', ( #755 ), #160, .F. ) ;
#685 = DIRECTION ( 'NONE',  ( 0.000000000000000000, 0.000000000000000000, 1.000000000000000000 ) ) ;
#686 = DIRECTION ( 'NONE',  ( -0.000000000000000000, 1.000000000000000000, -0.000000000000000000 ) ) ;
#687 = DIRECTION ( 'NONE',  ( -0.000000000000000000, -1.000000000000000000, -0.000000000000000000 ) ) ;
#688 = PRODUCT_DEFINITION_CONTEXT ( 'detailed design', #542, 'design' ) ;
#689 = EDGE_LOOP ( 'NONE', ( #614, #1287 ) ) ;
#690 = EDGE_CURVE ( 'NONE', #1378, #251, #1091, .T. ) ;
#691 = AXIS2_PLACEMENT_3D ( 'NONE', #1142, #1502, #1276 ) ;
#692 = ORIENTED_EDGE ( 'NONE', *, *, #1546, .T. ) ;
#693 = AXIS2_PLACEMENT_3D ( 'NONE', #514, #975, #178 ) ;
#694 = LINE ( 'NONE', #1416, #202 ) ;
#695 = AXIS2_PLACEMENT_3D ( 'NONE', #1172, #1301, #714 ) ;
#696 = DIRECTION ( 'NONE',  ( -0.000000000000000000, 1.000000000000000000, -0.000000000000000000 ) ) ;
#697 = DIRECTION ( 'NONE',  ( -0.000000000000000000, -1.000000000000000000, -0.000000000000000000 ) ) ;
#698 = ORIENTED_EDGE ( 'NONE', *, *, #949, .T. ) ;
#699 = EDGE_LOOP ( 'NONE', ( #956, #1197, #823, #352 ) ) ;
#700 = CARTESIAN_POINT ( 'NONE',  ( 0.000000000000000000, 0.2499999999999941436, 0.000000000000000000 ) ) ;
#701 = EDGE_CURVE ( 'NONE', #1459, #851, #1165, .T. ) ;
#702 = CARTESIAN_POINT ( 'NONE',  ( 0.000000000000000000, 44.00000000000001421, 0.000000000000000000 ) ) ;
#703 = CARTESIAN_POINT ( 'NONE',  ( 0.000000000000000000, 10.00000000000000000, -13.25000000000000355 ) ) ;
#704 = ORIENTED_EDGE ( 'NONE', *, *, #470, .T. ) ;
#705 = CARTESIAN_POINT ( 'NONE',  ( 0.000000000000000000, 5.000000000000000000, 9.000000000000000000 ) ) ;
#706 = ADVANCED_FACE ( 'NONE', ( #797 ), #47, .F. ) ;
#707 = EDGE_CURVE ( 'NONE', #251, #485, #905, .T. ) ;
#708 = CARTESIAN_POINT ( 'NONE',  ( 0.000000000000000000, 0.000000000000000000, 9.000000000000000000 ) ) ;
#709 = VERTEX_POINT ( 'NONE', #322 ) ;
#710 = DIRECTION ( 'NONE',  ( 0.000000000000000000, 0.000000000000000000, 1.000000000000000000 ) ) ;
#711 = CONICAL_SURFACE ( 'NONE', #932, 3.249999999999997780, 0.7853981633974380649 ) ;
#712 = CONICAL_SURFACE ( 'NONE', #616, 3.249999999999997780, 0.7853981633974380649 ) ;
#713 = EDGE_LOOP ( 'NONE', ( #974, #633 ) ) ;
#714 = DIRECTION ( 'NONE',  ( 0.000000000000000000, -0.000000000000000000, 1.000000000000000000 ) ) ;
#715 = AXIS2_PLACEMENT_3D ( 'NONE', #646, #1460, #258 ) ;
#716 = EDGE_CURVE ( 'NONE', #85, #485, #1271, .T. ) ;
#717 = VECTOR ( 'NONE', #886, 1000.000000000000000 ) ;
#718 = AXIS2_PLACEMENT_3D ( 'NONE', #1088, #1112, #971 ) ;
#719 = ORIENTED_EDGE ( 'NONE', *, *, #263, .T. ) ;
#720 = ORIENTED_EDGE ( 'NONE', *, *, #772, .F. ) ;
#721 = CARTESIAN_POINT ( 'NONE',  ( 0.000000000000000000, 0.000000000000000000, -10.84999999999998899 ) ) ;
#722 = VERTEX_POINT ( 'NONE', #1280 ) ;
#723 = ADVANCED_FACE ( 'NONE', ( #1385 ), #915, .T. ) ;
#724 = FACE_OUTER_BOUND ( 'NONE', #1480, .T. ) ;
#725 = EDGE_LOOP ( 'NONE', ( #219, #609 ) ) ;
#726 = LINE ( 'NONE', #1456, #365 ) ;
#727 = ORIENTED_EDGE ( 'NONE', *, *, #552, .F. ) ;
#728 = VERTEX_POINT ( 'NONE', #1527 ) ;
#729 = DIRECTION ( 'NONE',  ( 0.000000000000000000, 0.7071067811865549002, 0.7071067811865402453 ) ) ;
#730 = ORIENTED_EDGE ( 'NONE', *, *, #665, .F. ) ;
#731 = EDGE_LOOP ( 'NONE', ( #833, #948, #476, #953 ) ) ;
#732 = ADVANCED_FACE ( 'NONE', ( #897 ), #1141, .F. ) ;
#733 = CARTESIAN_POINT ( 'NONE',  ( -9.000000000000000000, 10.00000000000000000, 1.599999999999998535 ) ) ;
#734 = VERTEX_POINT ( 'NONE', #307 ) ;
#735 = CARTESIAN_POINT ( 'NONE',  ( 1.622657008870243474E-15, 10.00000000000000000, 13.25000000000000355 ) ) ;
#736 = ORIENTED_EDGE ( 'NONE', *, *, #1269, .F. ) ;
#737 = ORIENTED_EDGE ( 'NONE', *, *, #842, .T. ) ;
#738 = CARTESIAN_POINT ( 'NONE',  ( -9.000000000000000000, 5.000000000000000000, -3.249999999999999112 ) ) ;
#739 = ORIENTED_EDGE ( 'NONE', *, *, #586, .F. ) ;
#740 = CARTESIAN_POINT ( 'NONE',  ( -9.000000000000000000, 0.000000000000000000, 1.849999999999997424 ) ) ;
#741 = EDGE_LOOP ( 'NONE', ( #108, #927, #967, #1060 ) ) ;
#742 = DIRECTION ( 'NONE',  ( 0.000000000000000000, -0.000000000000000000, -1.000000000000000000 ) ) ;
#743 = ORIENTED_EDGE ( 'NONE', *, *, #414, .T. ) ;
#744 = CARTESIAN_POINT ( 'NONE',  ( 0.000000000000000000, 0.000000000000000000, 7.149999999999995026 ) ) ;
#745 = CIRCLE ( 'NONE', #1188, 1.599999999999998979 ) ;
#746 = VERTEX_POINT ( 'NONE', #782 ) ;
#747 = LINE ( 'NONE', #1330, #895 ) ;
#748 = CARTESIAN_POINT ( 'NONE',  ( 9.000000000000000000, 10.00000000000000000, 0.000000000000000000 ) ) ;
#749 = ADVANCED_FACE ( 'NONE', ( #210 ), #1122, .F. ) ;
#750 = EDGE_LOOP ( 'NONE', ( #133, #496 ) ) ;
#751 = LINE ( 'NONE', #517, #176 ) ;
#752 = EDGE_LOOP ( 'NONE', ( #140, #124, #1159, #1372 ) ) ;
#753 = VERTEX_POINT ( 'NONE', #921 ) ;
#754 = DIRECTION ( 'NONE',  ( -0.000000000000000000, -1.000000000000000000, -0.000000000000000000 ) ) ;
#755 = FACE_OUTER_BOUND ( 'NONE', #741, .T. ) ;
#756 = DIRECTION ( 'NONE',  ( 0.000000000000000000, 0.000000000000000000, 1.000000000000000000 ) ) ;
#757 = CARTESIAN_POINT ( 'NONE',  ( -9.000000000000000000, 5.000000000000000000, 0.000000000000000000 ) ) ;
#758 = ORIENTED_EDGE ( 'NONE', *, *, #1439, .T. ) ;
#759 = CARTESIAN_POINT ( 'NONE',  ( -9.000000000000000000, 10.00000000000000000, 3.499999999999996003 ) ) ;
#760 = DIRECTION ( 'NONE',  ( -0.000000000000000000, -1.000000000000000000, -0.000000000000000000 ) ) ;
#761 = FILL_AREA_STYLE ('',( #1249 ) ) ;
#762 = CARTESIAN_POINT ( 'NONE',  ( 9.000000000000000000, 9.749999999999996447, 0.000000000000000000 ) ) ;
#763 = CARTESIAN_POINT ( 'NONE',  ( 0.000000000000000000, 0.000000000000000000, 0.000000000000000000 ) ) ;
#764 = EDGE_LOOP ( 'NONE', ( #360, #1235, #431, #1338 ) ) ;
#765 = DIRECTION ( 'NONE',  ( 0.000000000000000000, 0.000000000000000000, 1.000000000000000000 ) ) ;
#766 = DIRECTION ( 'NONE',  ( -0.000000000000000000, 1.000000000000000000, -0.000000000000000000 ) ) ;
#767 = AXIS2_PLACEMENT_3D ( 'NONE', #288, #1211, #507 ) ;
#768 = AXIS2_PLACEMENT_3D ( 'NONE', #680, #667, #1384 ) ;
#769 = FACE_BOUND ( 'NONE', #689, .T. ) ;
#770 = CARTESIAN_POINT ( 'NONE',  ( 0.000000000000000000, 10.00000000000000178, 0.000000000000000000 ) ) ;
#771 = EDGE_LOOP ( 'NONE', ( #720, #1137, #527, #845 ) ) ;
#772 = EDGE_CURVE ( 'NONE', #1215, #1120, #186, .T. ) ;
#773 = CYLINDRICAL_SURFACE ( 'NONE', #1369, 1.599999999999998535 ) ;
#774 = CARTESIAN_POINT ( 'NONE',  ( 0.000000000000000000, 9.750000000000003553, 0.000000000000000000 ) ) ;
#775 = ORIENTED_EDGE ( 'NONE', *, *, #1398, .T. ) ;
#776 = CARTESIAN_POINT ( 'NONE',  ( 0.000000000000000000, 9.749999999999996447, 12.24999999999999645 ) ) ;
#777 = DIRECTION ( 'NONE',  ( 0.000000000000000000, 0.000000000000000000, 1.000000000000000000 ) ) ;
#778 = EDGE_CURVE ( 'NONE', #660, #1450, #791, .T. ) ;
#779 = ORIENTED_EDGE ( 'NONE', *, *, #595, .F. ) ;
#780 = CARTESIAN_POINT ( 'NONE',  ( 4.286263797015731665E-16, 10.00000000000000000, 5.500000000000003553 ) ) ;
#781 = LINE ( 'NONE', #1263, #1518 ) ;
#782 = CARTESIAN_POINT ( 'NONE',  ( 0.000000000000000000, 0.2499999999999967526, -7.400000000000000355 ) ) ;
#783 = DIRECTION ( 'NONE',  ( -0.000000000000000000, -1.000000000000000000, -0.000000000000000000 ) ) ;
#784 = EDGE_CURVE ( 'NONE', #972, #922, #1168, .T. ) ;
#785 = CIRCLE ( 'NONE', #167, 13.50000000000000000 ) ;
#786 = DIRECTION ( 'NONE',  ( -0.000000000000000000, 1.000000000000000000, -0.000000000000000000 ) ) ;
#787 = AXIS2_PLACEMENT_3D ( 'NONE', #547, #1391, #314 ) ;
#788 = DIRECTION ( 'NONE',  ( 0.000000000000000000, -0.000000000000000000, 1.000000000000000000 ) ) ;
#789 = AXIS2_PLACEMENT_3D ( 'NONE', #1177, #1051, #105 ) ;
#790 = CYLINDRICAL_SURFACE ( 'NONE', #959, 13.50000000000000000 ) ;
#791 = CIRCLE ( 'NONE', #238, 1.599999999999998979 ) ;
#792 = CIRCLE ( 'NONE', #1169, 1.599999999999998090 ) ;
#793 = ADVANCED_FACE ( 'NONE', ( #76 ), #553, .T. ) ;
#794 = AXIS2_PLACEMENT_3D ( 'NONE', #1332, #981, #579 ) ;
#795 = FACE_OUTER_BOUND ( 'NONE', #1534, .T. ) ;
#796 = EDGE_CURVE ( 'NONE', #1094, #134, #912, .T. ) ;
#797 = FACE_OUTER_BOUND ( 'NONE', #656, .T. ) ;
#798 = DIRECTION ( 'NONE',  ( 0.000000000000000000, 1.000000000000000000, 0.000000000000000000 ) ) ;
#799 = CARTESIAN_POINT ( 'NONE',  ( 0.000000000000000000, 9.749999999999996447, 9.000000000000000000 ) ) ;
#800 = CARTESIAN_POINT ( 'NONE',  ( 0.000000000000000000, 5.000000000000000000, -9.000000000000000000 ) ) ;
#801 = ADVANCED_FACE ( 'NONE', ( #1031 ), #1039, .F. ) ;
#802 = DIRECTION ( 'NONE',  ( 8.659560562354797273E-17, -0.7071067811865584529, 0.7071067811865364705 ) ) ;
#803 = ORIENTED_EDGE ( 'NONE', *, *, #347, .T. ) ;
#804 = VERTEX_POINT ( 'NONE', #1158 ) ;
#805 = CARTESIAN_POINT ( 'NONE',  ( 0.000000000000000000, 5.000000000000000000, 10.59999999999999787 ) ) ;
#806 = CARTESIAN_POINT ( 'NONE',  ( -9.000000000000000000, 5.000000000000000000, 0.000000000000000000 ) ) ;
#807 = CARTESIAN_POINT ( 'NONE',  ( 1.653273178848926867E-15, 9.750000000000003553, 13.50000000000000000 ) ) ;
#808 = ORIENTED_EDGE ( 'NONE', *, *, #1546, .F. ) ;
#809 = AXIS2_PLACEMENT_3D ( 'NONE', #1386, #77, #677 ) ;
#810 = ORIENTED_EDGE ( 'NONE', *, *, #400, .T. ) ;
#811 = VECTOR ( 'NONE', #786, 1000.000000000000000 ) ;
#812 = DIRECTION ( 'NONE',  ( 0.000000000000000000, 0.000000000000000000, 1.000000000000000000 ) ) ;
#813 = ADVANCED_FACE ( 'NONE', ( #84, #563 ), #1519, .F. ) ;
#814 = AXIS2_PLACEMENT_3D ( 'NONE', #763, #172, #1129 ) ;
#815 = AXIS2_PLACEMENT_3D ( 'NONE', #8, #963, #1326 ) ;
#816 = DIRECTION ( 'NONE',  ( 0.000000000000000000, 1.000000000000000000, 0.000000000000000000 ) ) ;
#817 = CARTESIAN_POINT ( 'NONE',  ( 9.000000000000000000, 0.2500000000000071609, -1.599999999999998090 ) ) ;
#818 = ORIENTED_EDGE ( 'NONE', *, *, #308, .T. ) ;
#819 = EDGE_CURVE ( 'NONE', #576, #285, #567, .T. ) ;
#820 = EDGE_CURVE ( 'NONE', #1320, #574, #1292, .T. ) ;
#821 = CARTESIAN_POINT ( 'NONE',  ( 0.000000000000000000, 10.00000000000000000, 0.000000000000000000 ) ) ;
#822 = DIRECTION ( 'NONE',  ( -0.000000000000000000, -1.000000000000000000, -0.000000000000000000 ) ) ;
#823 = ORIENTED_EDGE ( 'NONE', *, *, #436, .T. ) ;
#824 = CARTESIAN_POINT ( 'NONE',  ( 9.000000000000000000, 9.749999999999996447, 0.000000000000000000 ) ) ;
#825 = EDGE_CURVE ( 'NONE', #862, #480, #1133, .T. ) ;
#826 = ORIENTED_EDGE ( 'NONE', *, *, #1153, .T. ) ;
#827 = DIRECTION ( 'NONE',  ( 0.000000000000000000, 0.000000000000000000, 1.000000000000000000 ) ) ;
#828 = ORIENTED_EDGE ( 'NONE', *, *, #1269, .T. ) ;
#829 = EDGE_CURVE ( 'NONE', #1120, #1455, #217, .T. ) ;
#830 = ORIENTED_EDGE ( 'NONE', *, *, #24, .T. ) ;
#831 = DIRECTION ( 'NONE',  ( 0.000000000000000000, 0.000000000000000000, 1.000000000000000000 ) ) ;
#832 = VECTOR ( 'NONE', #282, 1000.000000000000000 ) ;
#833 = ORIENTED_EDGE ( 'NONE', *, *, #24, .F. ) ;
#834 = VECTOR ( 'NONE', #363, 1000.000000000000114 ) ;
#835 = DIRECTION ( 'NONE',  ( 0.000000000000000000, -1.000000000000000000, 0.000000000000000000 ) ) ;
#836 = ORIENTED_EDGE ( 'NONE', *, *, #458, .T. ) ;
#837 = LINE ( 'NONE', #606, #25 ) ;
#838 = AXIS2_PLACEMENT_3D ( 'NONE', #638, #1005, #166 ) ;
#839 = CIRCLE ( 'NONE', #1150, 1.599999999999998979 ) ;
#840 = FACE_OUTER_BOUND ( 'NONE', #850, .T. ) ;
#841 = ORIENTED_EDGE ( 'NONE', *, *, #331, .T. ) ;
#842 = EDGE_CURVE ( 'NONE', #1094, #660, #410, .T. ) ;
#843 = DIRECTION ( 'NONE',  ( 0.000000000000000000, 0.000000000000000000, 1.000000000000000000 ) ) ;
#844 = ORIENTED_EDGE ( 'NONE', *, *, #1445, .T. ) ;
#845 = ORIENTED_EDGE ( 'NONE', *, *, #657, .T. ) ;
#846 = CARTESIAN_POINT ( 'NONE',  ( 9.000000000000000000, 0.2500000000000071609, 0.000000000000000000 ) ) ;
#847 = ORIENTED_EDGE ( 'NONE', *, *, #1387, .T. ) ;
#848 = LINE ( 'NONE', #128, #1151 ) ;
#849 = EDGE_CURVE ( 'NONE', #1466, #1215, #745, .T. ) ;
#850 = EDGE_LOOP ( 'NONE', ( #520, #841 ) ) ;
#851 = VERTEX_POINT ( 'NONE', #1336 ) ;
#852 = DIRECTION ( 'NONE',  ( 0.000000000000000000, 0.000000000000000000, 1.000000000000000000 ) ) ;
#853 = ORIENTED_EDGE ( 'NONE', *, *, #1278, .F. ) ;
#854 = CARTESIAN_POINT ( 'NONE',  ( 0.000000000000000000, 45.00000000000000000, 0.000000000000000000 ) ) ;
#855 = ORIENTED_EDGE ( 'NONE', *, *, #877, .F. ) ;
#856 = CARTESIAN_POINT ( 'NONE',  ( 9.000000000000000000, 10.00000000000000000, 0.000000000000000000 ) ) ;
#857 = EDGE_LOOP ( 'NONE', ( #1462, #629, #642, #1408 ) ) ;
#858 = DIRECTION ( 'NONE',  ( -0.000000000000000000, 1.000000000000000000, -0.000000000000000000 ) ) ;
#859 = EDGE_LOOP ( 'NONE', ( #1329, #413, #704, #836 ) ) ;
#860 = CARTESIAN_POINT ( 'NONE',  ( 0.000000000000000000, 0.2499999999999941436, -2.250000000000000000 ) ) ;
#861 = DIRECTION ( 'NONE',  ( 0.000000000000000000, 0.000000000000000000, 1.000000000000000000 ) ) ;
#862 = VERTEX_POINT ( 'NONE', #59 ) ;
#863 = FACE_OUTER_BOUND ( 'NONE', #992, .T. ) ;
#864 = VECTOR ( 'NONE', #1155, 1000.000000000000000 ) ;
#865 = ORIENTED_EDGE ( 'NONE', *, *, #1540, .T. ) ;
#866 = ADVANCED_FACE ( 'NONE', ( #305 ), #1467, .T. ) ;
#867 = AXIS2_PLACEMENT_3D ( 'NONE', #1379, #1500, #545 ) ;
#868 = AXIS2_PLACEMENT_3D ( 'NONE', #659, #1139, #1145 ) ;
#869 = EDGE_LOOP ( 'NONE', ( #1472, #635 ) ) ;
#870 = DIRECTION ( 'NONE',  ( 8.659560562354921765E-17, -0.7071067811865484609, 0.7071067811865465735 ) ) ;
#871 = DIRECTION ( 'NONE',  ( 0.000000000000000000, 1.000000000000000000, 0.000000000000000000 ) ) ;
#872 = VECTOR ( 'NONE', #213, 1000.000000000000000 ) ;
#873 = DIRECTION ( 'NONE',  ( 0.000000000000000000, 0.000000000000000000, 1.000000000000000000 ) ) ;
#874 = CIRCLE ( 'NONE', #1474, 1.849999999999997424 ) ;
#875 = FACE_OUTER_BOUND ( 'NONE', #511, .T. ) ;
#876 = EDGE_LOOP ( 'NONE', ( #1085, #826, #253, #549 ) ) ;
#877 = EDGE_CURVE ( 'NONE', #709, #423, #50, .T. ) ;
#878 = DIRECTION ( 'NONE',  ( 0.000000000000000000, 0.000000000000000000, 1.000000000000000000 ) ) ;
#879 = CARTESIAN_POINT ( 'NONE',  ( 0.000000000000000000, 0.2500000000000071609, 9.000000000000000000 ) ) ;
#880 = DIRECTION ( 'NONE',  ( 0.000000000000000000, -0.7071067811865474617, -0.7071067811865474617 ) ) ;
#881 = LINE ( 'NONE', #1015, #1084 ) ;
#882 = CARTESIAN_POINT ( 'NONE',  ( -9.000000000000000000, 5.000000000000000000, 1.599999999999998979 ) ) ;
#883 = EDGE_LOOP ( 'NONE', ( #1189, #1451, #417, #1194 ) ) ;
#884 = DIRECTION ( 'NONE',  ( 0.000000000000000000, 0.000000000000000000, 1.000000000000000000 ) ) ;
#885 = DIRECTION ( 'NONE',  ( -0.000000000000000000, 1.000000000000000000, -0.000000000000000000 ) ) ;
#886 = DIRECTION ( 'NONE',  ( 0.000000000000000000, -0.7071067811865439090, -0.7071067811865512365 ) ) ;
#887 = DIRECTION ( 'NONE',  ( -0.000000000000000000, -1.000000000000000000, -0.000000000000000000 ) ) ;
#888 = ADVANCED_FACE ( 'NONE', ( #1489 ), #894, .F. ) ;
#889 = FACE_BOUND ( 'NONE', #335, .T. ) ;
#890 = LINE ( 'NONE', #534, #1093 ) ;
#891 = VERTEX_POINT ( 'NONE', #390 ) ;
#892 = CONICAL_SURFACE ( 'NONE', #465, 3.249999999999997780, 0.7853981633974380649 ) ;
#893 = CARTESIAN_POINT ( 'NONE',  ( 0.000000000000000000, 7.000000000000000000, 0.000000000000000000 ) ) ;
#894 = CYLINDRICAL_SURFACE ( 'NONE', #424, 1.599999999999998979 ) ;
#895 = VECTOR ( 'NONE', #880, 1000.000000000000114 ) ;
#896 = ORIENTED_EDGE ( 'NONE', *, *, #999, .F. ) ;
#897 = FACE_OUTER_BOUND ( 'NONE', #1494, .T. ) ;
#898 = VECTOR ( 'NONE', #378, 1000.000000000000000 ) ;
#899 = DIRECTION ( 'NONE',  ( -0.000000000000000000, -1.000000000000000000, -0.000000000000000000 ) ) ;
#900 = AXIS2_PLACEMENT_3D ( 'NONE', #799, #1410, #827 ) ;
#901 = ORIENTED_EDGE ( 'NONE', *, *, #503, .F. ) ;
#902 = PRODUCT_DEFINITION_FORMATION_WITH_SPECIFIED_SOURCE ( 'ANY', '', #461, .NOT_KNOWN. ) ;
#903 = DIRECTION ( 'NONE',  ( 0.000000000000000000, 1.000000000000000000, 0.000000000000000000 ) ) ;
#904 = FACE_OUTER_BOUND ( 'NONE', #1221, .T. ) ;
#905 = LINE ( 'NONE', #776, #391 ) ;
#906 = CARTESIAN_POINT ( 'NONE',  ( -9.000000000000000000, 9.749999999999996447, -3.249999999999997780 ) ) ;
#907 = DIRECTION ( 'NONE',  ( 0.000000000000000000, 1.000000000000000000, 0.000000000000000000 ) ) ;
#908 = DIRECTION ( 'NONE',  ( 0.000000000000000000, 0.000000000000000000, 1.000000000000000000 ) ) ;
#909 = CARTESIAN_POINT ( 'NONE',  ( 0.000000000000000000, 9.749999999999996447, 12.24999999999999645 ) ) ;
#910 = AXIS2_PLACEMENT_3D ( 'NONE', #648, #1118, #777 ) ;
#911 = DIRECTION ( 'NONE',  ( 0.000000000000000000, 0.7071067811865500152, 0.7071067811865451302 ) ) ;
#912 = LINE ( 'NONE', #1390, #1312 ) ;
#913 = CIRCLE ( 'NONE', #237, 4.249999999999991118 ) ;
#914 = CARTESIAN_POINT ( 'NONE',  ( -9.000000000000000000, 0.000000000000000000, 0.000000000000000000 ) ) ;
#915 = CONICAL_SURFACE ( 'NONE', #299, 13.25000000000000355, 0.7853981633974482790 ) ;
#916 = AXIS2_PLACEMENT_3D ( 'NONE', #774, #1116, #1476 ) ;
#917 = AXIS2_PLACEMENT_3D ( 'NONE', #1531, #835, #1102 ) ;
#918 = ADVANCED_FACE ( 'NONE', ( #1248 ), #1399, .T. ) ;
#919 = CARTESIAN_POINT ( 'NONE',  ( 9.000000000000000000, 5.000000000000000000, -1.599999999999998757 ) ) ;
#920 = DIRECTION ( 'NONE',  ( 0.000000000000000000, 0.000000000000000000, -1.000000000000000000 ) ) ;
#921 = CARTESIAN_POINT ( 'NONE',  ( 1.637965093859584381E-15, 0.000000000000000000, -13.24999999999999289 ) ) ;
#922 = VERTEX_POINT ( 'NONE', #744 ) ;
#923 = CARTESIAN_POINT ( 'NONE',  ( 2.755455298081544285E-16, 7.000000000000000000, 2.250000000000000000 ) ) ;
#924 = FACE_BOUND ( 'NONE', #513, .T. ) ;
#925 = CARTESIAN_POINT ( 'NONE',  ( -9.000000000000000000, 9.749999999999996447, 0.000000000000000000 ) ) ;
#926 = DIRECTION ( 'NONE',  ( 0.000000000000000000, 0.000000000000000000, 1.000000000000000000 ) ) ;
#927 = ORIENTED_EDGE ( 'NONE', *, *, #1354, .F. ) ;
#928 = EDGE_CURVE ( 'NONE', #423, #1073, #1095, .T. ) ;
#929 = ORIENTED_EDGE ( 'NONE', *, *, #1286, .T. ) ;
#930 = DIRECTION ( 'NONE',  ( 0.000000000000000000, 0.000000000000000000, 1.000000000000000000 ) ) ;
#931 = DIRECTION ( 'NONE',  ( 0.000000000000000000, 0.000000000000000000, -1.000000000000000000 ) ) ;
#932 = AXIS2_PLACEMENT_3D ( 'NONE', #401, #1365, #878 ) ;
#933 = EDGE_CURVE ( 'NONE', #628, #804, #1147, .T. ) ;
#934 = ADVANCED_FACE ( 'NONE', ( #997 ), #505, .F. ) ;
#935 = CIRCLE ( 'NONE', #643, 1.849999999999990541 ) ;
#936 = CARTESIAN_POINT ( 'NONE',  ( 9.000000000000000000, 10.00000000000000000, 3.249999999999997780 ) ) ;
#937 = ORIENTED_EDGE ( 'NONE', *, *, #533, .F. ) ;
#938 = CIRCLE ( 'NONE', #215, 3.499999999999996003 ) ;
#939 = AXIS2_PLACEMENT_3D ( 'NONE', #645, #35, #53 ) ;
#940 = CARTESIAN_POINT ( 'NONE',  ( 0.000000000000000000, 0.000000000000000000, 7.149999999999995026 ) ) ;
#941 = CIRCLE ( 'NONE', #814, 2.499999999999995115 ) ;
#942 = FACE_OUTER_BOUND ( 'NONE', #876, .T. ) ;
#943 = EDGE_CURVE ( 'NONE', #13, #211, #1108, .T. ) ;
#944 = LINE ( 'NONE', #348, #214 ) ;
#945 = EDGE_LOOP ( 'NONE', ( #130, #1305 ) ) ;
#946 = DIRECTION ( 'NONE',  ( 0.000000000000000000, 1.000000000000000000, 0.000000000000000000 ) ) ;
#947 = EDGE_CURVE ( 'NONE', #1215, #1466, #175, .T. ) ;
#948 = ORIENTED_EDGE ( 'NONE', *, *, #277, .T. ) ;
#949 = EDGE_CURVE ( 'NONE', #722, #734, #1273, .T. ) ;
#950 = CARTESIAN_POINT ( 'NONE',  ( 0.000000000000000000, 7.000000000000000000, -2.250000000000000000 ) ) ;
#951 = EDGE_LOOP ( 'NONE', ( #26, #844, #976, #682 ) ) ;
#952 = FACE_OUTER_BOUND ( 'NONE', #1363, .T. ) ;
#953 = ORIENTED_EDGE ( 'NONE', *, *, #1050, .F. ) ;
#954 = DIRECTION ( 'NONE',  ( 0.000000000000000000, -0.7071067811865456854, -0.7071067811865493491 ) ) ;
#955 = EDGE_CURVE ( 'NONE', #478, #1094, #1422, .T. ) ;
#956 = ORIENTED_EDGE ( 'NONE', *, *, #933, .F. ) ;
#957 = EDGE_LOOP ( 'NONE', ( #377, #239, #144, #1228 ) ) ;
#958 = LINE ( 'NONE', #1299, #993 ) ;
#959 = AXIS2_PLACEMENT_3D ( 'NONE', #1148, #203, #565 ) ;
#960 = EDGE_LOOP ( 'NONE', ( #1436, #129, #57, #901 ) ) ;
#961 = DIRECTION ( 'NONE',  ( -0.000000000000000000, -1.000000000000000000, -0.000000000000000000 ) ) ;
#962 = ORIENTED_EDGE ( 'NONE', *, *, #519, .T. ) ;
#963 = DIRECTION ( 'NONE',  ( 0.000000000000000000, -1.000000000000000000, 0.000000000000000000 ) ) ;
#964 = AXIS2_PLACEMENT_3D ( 'NONE', #36, #54, #515 ) ;
#965 = ADVANCED_FACE ( 'NONE', ( #90 ), #1496, .F. ) ;
#966 = CONICAL_SURFACE ( 'NONE', #623, 4.249999999999989342, 0.7853981633974533860 ) ;
#967 = ORIENTED_EDGE ( 'NONE', *, *, #278, .T. ) ;
#968 = ORIENTED_EDGE ( 'NONE', *, *, #277, .F. ) ;
#969 = CARTESIAN_POINT ( 'NONE',  ( 0.000000000000000000, 10.00000000000000000, 12.49999999999999467 ) ) ;
#970 = ORIENTED_EDGE ( 'NONE', *, *, #933, .T. ) ;
#971 = DIRECTION ( 'NONE',  ( 0.000000000000000000, 0.000000000000000000, 1.000000000000000000 ) ) ;
#972 = VERTEX_POINT ( 'NONE', #571 ) ;
#973 = DIRECTION ( 'NONE',  ( 0.000000000000000000, -1.000000000000000000, 0.000000000000000000 ) ) ;
#974 = ORIENTED_EDGE ( 'NONE', *, *, #657, .F. ) ;
#975 = DIRECTION ( 'NONE',  ( -0.000000000000000000, -1.000000000000000000, -0.000000000000000000 ) ) ;
#976 = ORIENTED_EDGE ( 'NONE', *, *, #414, .F. ) ;
#977 = SURFACE_STYLE_USAGE ( .BOTH. , #1484 ) ;
#978 = FACE_OUTER_BOUND ( 'NONE', #1529, .T. ) ;
#979 = VERTEX_POINT ( 'NONE', #1498 ) ;
#980 = EDGE_CURVE ( 'NONE', #1257, #227, #1526, .T. ) ;
#981 = DIRECTION ( 'NONE',  ( 0.000000000000000000, 1.000000000000000000, 0.000000000000000000 ) ) ;
#982 = EDGE_LOOP ( 'NONE', ( #1316, #158, #119, #1328 ) ) ;
#983 = ORIENTED_EDGE ( 'NONE', *, *, #1217, .T. ) ;
#984 = DIRECTION ( 'NONE',  ( -0.000000000000000000, -1.000000000000000000, -0.000000000000000000 ) ) ;
#985 = CARTESIAN_POINT ( 'NONE',  ( 0.000000000000000000, 0.2499999999999967526, -9.000000000000000000 ) ) ;
#986 = DIRECTION ( 'NONE',  ( 0.000000000000000000, 0.000000000000000000, 1.000000000000000000 ) ) ;
#987 = ADVANCED_FACE ( 'NONE', ( #428 ), #1123, .F. ) ;
#988 = EDGE_CURVE ( 'NONE', #1046, #501, #273, .T. ) ;
#989 = AXIS2_PLACEMENT_3D ( 'NONE', #1475, #409, #765 ) ;
#990 = CARTESIAN_POINT ( 'NONE',  ( 0.000000000000000000, 0.000000000000000000, -9.000000000000000000 ) ) ;
#991 = AXIS2_PLACEMENT_3D ( 'NONE', #708, #464, #931 ) ;
#992 = EDGE_LOOP ( 'NONE', ( #64, #1086, #929, #1381 ) ) ;
#993 = VECTOR ( 'NONE', #729, 1000.000000000000114 ) ;
#994 = AXIS2_PLACEMENT_3D ( 'NONE', #252, #1203, #204 ) ;
#995 = AXIS2_PLACEMENT_3D ( 'NONE', #925, #1163, #79 ) ;
#996 = ORIENTED_EDGE ( 'NONE', *, *, #1412, .T. ) ;
#997 = FACE_OUTER_BOUND ( 'NONE', #1016, .T. ) ;
#998 = FACE_OUTER_BOUND ( 'NONE', #389, .T. ) ;
#999 = EDGE_CURVE ( 'NONE', #127, #480, #447, .T. ) ;
#1000 = DIRECTION ( 'NONE',  ( 0.000000000000000000, 0.000000000000000000, 1.000000000000000000 ) ) ;
#1001 = FACE_OUTER_BOUND ( 'NONE', #233, .T. ) ;
#1002 = EDGE_LOOP ( 'NONE', ( #1295, #1549, #828, #185 ) ) ;
#1003 = ADVANCED_FACE ( 'NONE', ( #1517 ), #319, .F. ) ;
#1004 = CARTESIAN_POINT ( 'NONE',  ( 0.000000000000000000, 0.2500000000000088818, 0.000000000000000000 ) ) ;
#1005 = DIRECTION ( 'NONE',  ( -0.000000000000000000, 1.000000000000000000, -0.000000000000000000 ) ) ;
#1006 = PRESENTATION_STYLE_ASSIGNMENT (( #977 ) ) ;
#1007 = DIRECTION ( 'NONE',  ( 0.000000000000000000, 0.000000000000000000, 1.000000000000000000 ) ) ;
#1008 = DIRECTION ( 'NONE',  ( 0.000000000000000000, 0.000000000000000000, 1.000000000000000000 ) ) ;
#1009 = EDGE_LOOP ( 'NONE', ( #301, #34, #1490, #518 ) ) ;
#1010 = EDGE_CURVE ( 'NONE', #862, #265, #91, .T. ) ;
#1011 = CARTESIAN_POINT ( 'NONE',  ( -9.000000000000000000, 0.000000000000000000, 1.849999999999997424 ) ) ;
#1012 = DIRECTION ( 'NONE',  ( -0.000000000000000000, -1.000000000000000000, -0.000000000000000000 ) ) ;
#1013 = ORIENTED_EDGE ( 'NONE', *, *, #849, .F. ) ;
#1014 = FACE_OUTER_BOUND ( 'NONE', #859, .T. ) ;
#1015 = CARTESIAN_POINT ( 'NONE',  ( 3.980102097228894780E-16, 10.00000000000000000, -12.24999999999999645 ) ) ;
#1016 = EDGE_LOOP ( 'NONE', ( #494, #60, #122, #462 ) ) ;
#1017 = AXIS2_PLACEMENT_3D ( 'NONE', #748, #624, #861 ) ;
#1018 = FACE_OUTER_BOUND ( 'NONE', #771, .T. ) ;
#1019 = CARTESIAN_POINT ( 'NONE',  ( 1.637965093859585170E-15, 10.00000000000000000, 13.25000000000000355 ) ) ;
#1020 = CIRCLE ( 'NONE', #964, 1.849999999999997424 ) ;
#1021 = CARTESIAN_POINT ( 'NONE',  ( 0.000000000000000000, 9.749999999999996447, -5.750000000000001776 ) ) ;
#1022 = CONICAL_SURFACE ( 'NONE', #1314, 13.50000000000000000, 0.7853981633974447263 ) ;
#1023 = DIRECTION ( 'NONE',  ( -0.000000000000000000, 1.000000000000000000, -0.000000000000000000 ) ) ;
#1024 = ORIENTED_EDGE ( 'NONE', *, *, #1508, .T. ) ;
#1025 = AXIS2_PLACEMENT_3D ( 'NONE', #23, #1200, #1449 ) ;
#1026 = EDGE_CURVE ( 'NONE', #1303, #227, #145, .T. ) ;
#1027 = CARTESIAN_POINT ( 'NONE',  ( 9.000000000000000000, 0.2500000000000071609, 1.599999999999998090 ) ) ;
#1028 = CARTESIAN_POINT ( 'NONE',  ( 0.000000000000000000, 45.00000000000000000, 0.000000000000000000 ) ) ;
#1029 = CARTESIAN_POINT ( 'NONE',  ( 0.000000000000000000, 10.00000000000000000, 12.24999999999999645 ) ) ;
#1030 = CARTESIAN_POINT ( 'NONE',  ( 9.000000000000000000, 9.749999999999996447, 3.249999999999997780 ) ) ;
#1031 = FACE_OUTER_BOUND ( 'NONE', #148, .T. ) ;
#1032 = LINE ( 'NONE', #1265, #546 ) ;
#1033 = LINE ( 'NONE', #4, #112 ) ;
#1034 = DIRECTION ( 'NONE',  ( 0.000000000000000000, 0.000000000000000000, 1.000000000000000000 ) ) ;
#1035 = CARTESIAN_POINT ( 'NONE',  ( 0.000000000000000000, 0.000000000000000000, 0.000000000000000000 ) ) ;
#1036 = AXIS2_PLACEMENT_3D ( 'NONE', #1196, #107, #852 ) ;
#1037 = ORIENTED_EDGE ( 'NONE', *, *, #503, .T. ) ;
#1038 = DIRECTION ( 'NONE',  ( 0.000000000000000000, 0.000000000000000000, -1.000000000000000000 ) ) ;
#1039 = CONICAL_SURFACE ( 'NONE', #359, 3.249999999999997780, 0.7853981633974380649 ) ;
#1040 = CONICAL_SURFACE ( 'NONE', #197, 3.249999999999997780, 0.7853981633974380649 ) ;
#1041 = VECTOR ( 'NONE', #98, 1000.000000000000000 ) ;
#1042 =( GEOMETRIC_REPRESENTATION_CONTEXT ( 3 ) GLOBAL_UNCERTAINTY_ASSIGNED_CONTEXT ( ( #106 ) ) GLOBAL_UNIT_ASSIGNED_CONTEXT ( ( #137, #1481, #10 ) ) REPRESENTATION_CONTEXT ( 'NONE', 'WORKASPACE' ) );
#1043 = CARTESIAN_POINT ( 'NONE',  ( 0.000000000000000000, 5.000000000000000000, -9.000000000000000000 ) ) ;
#1044 = CARTESIAN_POINT ( 'NONE',  ( -9.000000000000000000, 10.00000000000000000, -1.599999999999998535 ) ) ;
#1045 = CARTESIAN_POINT ( 'NONE',  ( 0.000000000000000000, 10.00000000000000000, 0.000000000000000000 ) ) ;
#1046 = VERTEX_POINT ( 'NONE', #1019 ) ;
#1047 = EDGE_LOOP ( 'NONE', ( #692, #996, #803, #1107 ) ) ;
#1048 = CARTESIAN_POINT ( 'NONE',  ( 4.286263797015731665E-16, 10.00000000000000000, -12.49999999999999467 ) ) ;
#1049 = LINE ( 'NONE', #740, #593 ) ;
#1050 = EDGE_CURVE ( 'NONE', #979, #734, #1397, .T. ) ;
#1051 = DIRECTION ( 'NONE',  ( 0.000000000000000000, 1.000000000000000000, 0.000000000000000000 ) ) ;
#1052 = EDGE_LOOP ( 'NONE', ( #1547, #17, #366, #261 ) ) ;
#1053 = DIRECTION ( 'NONE',  ( -0.000000000000000000, 1.000000000000000000, -0.000000000000000000 ) ) ;
#1054 = EDGE_CURVE ( 'NONE', #499, #351, #1092, .T. ) ;
#1055 = DIRECTION ( 'NONE',  ( 0.000000000000000000, 0.000000000000000000, 1.000000000000000000 ) ) ;
#1056 = CIRCLE ( 'NONE', #691, 4.000000000000000000 ) ;
#1057 = VECTOR ( 'NONE', #243, 1000.000000000000000 ) ;
#1058 = DIRECTION ( 'NONE',  ( -0.000000000000000000, -1.000000000000000000, -0.000000000000000000 ) ) ;
#1059 = STYLED_ITEM ( 'NONE', ( #1006 ), #575 ) ;
#1060 = ORIENTED_EDGE ( 'NONE', *, *, #1054, .T. ) ;
#1061 = CIRCLE ( 'NONE', #394, 1.599999999999998979 ) ;
#1062 = CONICAL_SURFACE ( 'NONE', #917, 3.000000000000015543, 0.7853981633974469467 ) ;
#1063 = CARTESIAN_POINT ( 'NONE',  ( 4.898587196589411843E-16, 45.00000000000000000, 4.000000000000000000 ) ) ;
#1064 = AXIS2_PLACEMENT_3D ( 'NONE', #821, #946, #685 ) ;
#1065 = ADVANCED_FACE ( 'NONE', ( #1509 ), #1022, .T. ) ;
#1066 = EDGE_LOOP ( 'NONE', ( #241, #535, #101, #1213 ) ) ;
#1067 = CYLINDRICAL_SURFACE ( 'NONE', #994, 3.249999999999997780 ) ;
#1068 = ORIENTED_EDGE ( 'NONE', *, *, #308, .F. ) ;
#1069 = ADVANCED_FACE ( 'NONE', ( #904 ), #1040, .F. ) ;
#1070 = ORIENTED_EDGE ( 'NONE', *, *, #1388, .F. ) ;
#1071 = CARTESIAN_POINT ( 'NONE',  ( 5.204748896376237880E-16, 10.00000000000000178, 4.249999999999989342 ) ) ;
#1072 = ORIENTED_EDGE ( 'NONE', *, *, #1278, .T. ) ;
#1073 = VERTEX_POINT ( 'NONE', #544 ) ;
#1074 = FACE_OUTER_BOUND ( 'NONE', #1143, .T. ) ;
#1075 = EDGE_CURVE ( 'NONE', #482, #576, #781, .T. ) ;
#1076 = ORIENTED_EDGE ( 'NONE', *, *, #1098, .T. ) ;
#1077 = DIRECTION ( 'NONE',  ( 0.000000000000000000, -0.7071067811865584529, -0.7071067811865364705 ) ) ;
#1078 = VERTEX_POINT ( 'NONE', #209 ) ;
#1079 = DIRECTION ( 'NONE',  ( 0.000000000000000000, 0.000000000000000000, 1.000000000000000000 ) ) ;
#1080 = ORIENTED_EDGE ( 'NONE', *, *, #328, .T. ) ;
#1081 = VERTEX_POINT ( 'NONE', #551 ) ;
#1082 = FACE_OUTER_BOUND ( 'NONE', #857, .T. ) ;
#1083 = AXIS2_PLACEMENT_3D ( 'NONE', #1482, #903, #644 ) ;
#1084 = VECTOR ( 'NONE', #1492, 1000.000000000000000 ) ;
#1085 = ORIENTED_EDGE ( 'NONE', *, *, #393, .F. ) ;
#1086 = ORIENTED_EDGE ( 'NONE', *, *, #182, .F. ) ;
#1087 = CONICAL_SURFACE ( 'NONE', #421, 1.850000000000004530, 0.7853981633974457255 ) ;
#1088 = CARTESIAN_POINT ( 'NONE',  ( 0.000000000000000000, 0.2500000000000088818, 0.000000000000000000 ) ) ;
#1089 = ORIENTED_EDGE ( 'NONE', *, *, #1387, .F. ) ;
#1090 = DIRECTION ( 'NONE',  ( -0.000000000000000000, -1.000000000000000000, -0.000000000000000000 ) ) ;
#1091 = CIRCLE ( 'NONE', #1186, 3.249999999999997780 ) ;
#1092 = CIRCLE ( 'NONE', #868, 3.249999999999997780 ) ;
#1093 = VECTOR ( 'NONE', #1370, 1000.000000000000114 ) ;
#1094 = VERTEX_POINT ( 'NONE', #1027 ) ;
#1095 = LINE ( 'NONE', #521, #898 ) ;
#1096 = APPLICATION_CONTEXT ( 'automotive_design' ) ;
#1097 = ORIENTED_EDGE ( 'NONE', *, *, #1354, .T. ) ;
#1098 = EDGE_CURVE ( 'NONE', #259, #173, #1061, .T. ) ;
#1099 = DIRECTION ( 'NONE',  ( -0.000000000000000000, 1.000000000000000000, -0.000000000000000000 ) ) ;
#1100 = DIRECTION ( 'NONE',  ( 0.000000000000000000, -0.000000000000000000, 1.000000000000000000 ) ) ;
#1101 = ORIENTED_EDGE ( 'NONE', *, *, #222, .T. ) ;
#1102 = DIRECTION ( 'NONE',  ( 0.000000000000000000, 0.000000000000000000, -1.000000000000000000 ) ) ;
#1103 = ORIENTED_EDGE ( 'NONE', *, *, #1505, .F. ) ;
#1104 = PRODUCT_CONTEXT ( 'NONE', #1096, 'mechanical' ) ;
#1105 = EDGE_CURVE ( 'NONE', #628, #351, #321, .T. ) ;
#1106 = EDGE_CURVE ( 'NONE', #1081, #1073, #1152, .T. ) ;
#1107 = ORIENTED_EDGE ( 'NONE', *, *, #9, .F. ) ;
#1108 = LINE ( 'NONE', #402, #672 ) ;
#1109 = DIRECTION ( 'NONE',  ( 0.000000000000000000, -1.000000000000000000, 0.000000000000000000 ) ) ;
#1110 = DIRECTION ( 'NONE',  ( -0.000000000000000000, 1.000000000000000000, -0.000000000000000000 ) ) ;
#1111 = ORIENTED_EDGE ( 'NONE', *, *, #408, .F. ) ;
#1112 = DIRECTION ( 'NONE',  ( -0.000000000000000000, 1.000000000000000000, -0.000000000000000000 ) ) ;
#1113 = EDGE_LOOP ( 'NONE', ( #1209, #651, #737, #40 ) ) ;
#1114 = ADVANCED_FACE ( 'NONE', ( #438, #795 ), #1279, .F. ) ;
#1115 = VERTEX_POINT ( 'NONE', #146 ) ;
#1116 = DIRECTION ( 'NONE',  ( 0.000000000000000000, -1.000000000000000000, 0.000000000000000000 ) ) ;
#1117 = CARTESIAN_POINT ( 'NONE',  ( -9.000000000000000000, 10.00000000000000000, 0.000000000000000000 ) ) ;
#1118 = DIRECTION ( 'NONE',  ( 0.000000000000000000, 1.000000000000000000, 0.000000000000000000 ) ) ;
#1119 = DIRECTION ( 'NONE',  ( -0.000000000000000000, 1.000000000000000000, -0.000000000000000000 ) ) ;
#1120 = VERTEX_POINT ( 'NONE', #216 ) ;
#1121 = EDGE_CURVE ( 'NONE', #1094, #478, #792, .T. ) ;
#1122 = CONICAL_SURFACE ( 'NONE', #1245, 1.849999999999997424, 0.7853981633974327359 ) ;
#1123 = CONICAL_SURFACE ( 'NONE', #1246, 2.499999999999995115, 0.7853981633974509435 ) ;
#1124 = CARTESIAN_POINT ( 'NONE',  ( 9.000000000000000000, 0.000000000000000000, -1.849999999999997424 ) ) ;
#1125 = DIRECTION ( 'NONE',  ( 0.000000000000000000, 0.000000000000000000, 1.000000000000000000 ) ) ;
#1126 = CIRCLE ( 'NONE', #1448, 3.249999999999999556 ) ;
#1127 = CARTESIAN_POINT ( 'NONE',  ( 9.000000000000000000, 5.000000000000000000, 1.599999999999998979 ) ) ;
#1128 = DIRECTION ( 'NONE',  ( 0.000000000000000000, 1.000000000000000000, 0.000000000000000000 ) ) ;
#1129 = DIRECTION ( 'NONE',  ( 0.000000000000000000, 0.000000000000000000, 1.000000000000000000 ) ) ;
#1130 = ORIENTED_EDGE ( 'NONE', *, *, #1364, .F. ) ;
#1131 = EDGE_CURVE ( 'NONE', #96, #1459, #397, .T. ) ;
#1132 = DIRECTION ( 'NONE',  ( -0.000000000000000000, 1.000000000000000000, -0.000000000000000000 ) ) ;
#1133 = LINE ( 'NONE', #1483, #717 ) ;
#1134 = DIRECTION ( 'NONE',  ( 0.000000000000000000, 1.000000000000000000, 0.000000000000000000 ) ) ;
#1135 = EDGE_CURVE ( 'NONE', #117, #1303, #627, .T. ) ;
#1136 = DIRECTION ( 'NONE',  ( -0.000000000000000000, -1.000000000000000000, -0.000000000000000000 ) ) ;
#1137 = ORIENTED_EDGE ( 'NONE', *, *, #947, .T. ) ;
#1138 = CYLINDRICAL_SURFACE ( 'NONE', #989, 1.599999999999998979 ) ;
#1139 = DIRECTION ( 'NONE',  ( 0.000000000000000000, 1.000000000000000000, 0.000000000000000000 ) ) ;
#1140 = EDGE_LOOP ( 'NONE', ( #1171, #1428, #847, #506 ) ) ;
#1141 = CYLINDRICAL_SURFACE ( 'NONE', #867, 3.249999999999997780 ) ;
#1142 = CARTESIAN_POINT ( 'NONE',  ( 0.000000000000000000, 10.24999999999998757, 0.000000000000000000 ) ) ;
#1143 = EDGE_LOOP ( 'NONE', ( #1013, #1309, #1183, #1070 ) ) ;
#1144 = FACE_OUTER_BOUND ( 'NONE', #1066, .T. ) ;
#1145 = DIRECTION ( 'NONE',  ( 0.000000000000000000, 0.000000000000000000, 1.000000000000000000 ) ) ;
#1146 = DIRECTION ( 'NONE',  ( -0.000000000000000000, 1.000000000000000000, -0.000000000000000000 ) ) ;
#1147 = CIRCLE ( 'NONE', #1444, 3.249999999999999556 ) ;
#1148 = CARTESIAN_POINT ( 'NONE',  ( 0.000000000000000000, 10.00000000000000000, 0.000000000000000000 ) ) ;
#1149 = EDGE_CURVE ( 'NONE', #478, #2, #1315, .T. ) ;
#1150 = AXIS2_PLACEMENT_3D ( 'NONE', #757, #1479, #1008 ) ;
#1151 = VECTOR ( 'NONE', #1334, 1000.000000000000000 ) ;
#1152 = LINE ( 'NONE', #1157, #114 ) ;
#1153 = EDGE_CURVE ( 'NONE', #117, #21, #1049, .T. ) ;
#1154 = CARTESIAN_POINT ( 'NONE',  ( 0.000000000000000000, 10.00000000000000000, 9.000000000000000000 ) ) ;
#1155 = DIRECTION ( 'NONE',  ( -0.000000000000000000, 1.000000000000000000, -0.000000000000000000 ) ) ;
#1156 = CYLINDRICAL_SURFACE ( 'NONE', #715, 3.249999999999997780 ) ;
#1157 = CARTESIAN_POINT ( 'NONE',  ( 0.000000000000000000, 0.2500000000000088818, 13.50000000000000000 ) ) ;
#1158 = CARTESIAN_POINT ( 'NONE',  ( -9.000000000000000000, 5.000000000000000000, 3.249999999999999556 ) ) ;
#1159 = ORIENTED_EDGE ( 'NONE', *, *, #1439, .F. ) ;
#1160 = DIRECTION ( 'NONE',  ( 8.659560562354903276E-17, 0.7071067811865500152, -0.7071067811865451302 ) ) ;
#1161 = ADVANCED_FACE ( 'NONE', ( #875 ), #1062, .T. ) ;
#1162 = LINE ( 'NONE', #1071, #448 ) ;
#1163 = DIRECTION ( 'NONE',  ( 0.000000000000000000, 1.000000000000000000, 0.000000000000000000 ) ) ;
#1164 = CIRCLE ( 'NONE', #419, 13.24999999999999289 ) ;
#1165 = LINE ( 'NONE', #1021, #422 ) ;
#1166 = CONICAL_SURFACE ( 'NONE', #195, 3.000000000000015543, 0.7853981633974469467 ) ;
#1167 = ORIENTED_EDGE ( 'NONE', *, *, #548, .T. ) ;
#1168 = CIRCLE ( 'NONE', #1374, 1.850000000000004530 ) ;
#1169 = AXIS2_PLACEMENT_3D ( 'NONE', #846, #254, #1435 ) ;
#1170 = CIRCLE ( 'NONE', #1543, 1.599999999999998979 ) ;
#1171 = ORIENTED_EDGE ( 'NONE', *, *, #110, .T. ) ;
#1172 = CARTESIAN_POINT ( 'NONE',  ( 0.000000000000000000, 0.000000000000000000, 0.000000000000000000 ) ) ;
#1173 = FACE_OUTER_BOUND ( 'NONE', #1009, .T. ) ;
#1174 = DIRECTION ( 'NONE',  ( 0.000000000000000000, 0.000000000000000000, 1.000000000000000000 ) ) ;
#1175 = EDGE_LOOP ( 'NONE', ( #1550, #188, #830, #31 ) ) ;
#1176 = CARTESIAN_POINT ( 'NONE',  ( 9.000000000000000000, 0.000000000000000000, 0.000000000000000000 ) ) ;
#1177 = CARTESIAN_POINT ( 'NONE',  ( -9.000000000000000000, 9.749999999999996447, 0.000000000000000000 ) ) ;
#1178 = DIRECTION ( 'NONE',  ( 0.000000000000000000, 0.000000000000000000, 1.000000000000000000 ) ) ;
#1179 = ORIENTED_EDGE ( 'NONE', *, *, #150, .F. ) ;
#1180 = FACE_OUTER_BOUND ( 'NONE', #12, .T. ) ;
#1181 = AXIS2_PLACEMENT_3D ( 'NONE', #169, #1478, #161 ) ;
#1182 = CIRCLE ( 'NONE', #1270, 1.599999999999998535 ) ;
#1183 = ORIENTED_EDGE ( 'NONE', *, *, #678, .F. ) ;
#1184 = CONICAL_SURFACE ( 'NONE', #1395, 3.249999999999997780, 0.7853981633974380649 ) ;
#1185 = FACE_OUTER_BOUND ( 'NONE', #699, .T. ) ;
#1186 = AXIS2_PLACEMENT_3D ( 'NONE', #661, #201, #439 ) ;
#1187 = ORIENTED_EDGE ( 'NONE', *, *, #1505, .T. ) ;
#1188 = AXIS2_PLACEMENT_3D ( 'NONE', #1366, #984, #416 ) ;
#1189 = ORIENTED_EDGE ( 'NONE', *, *, #849, .T. ) ;
#1190 = AXIS2_PLACEMENT_3D ( 'NONE', #990, #246, #39 ) ;
#1191 = CARTESIAN_POINT ( 'NONE',  ( 0.000000000000000000, 44.00000000000001421, -4.000000000000000000 ) ) ;
#1192 = AXIS2_PLACEMENT_3D ( 'NONE', #1043, #1525, #812 ) ;
#1193 = ADVANCED_FACE ( 'NONE', ( #1173 ), #75, .F. ) ;
#1194 = ORIENTED_EDGE ( 'NONE', *, *, #1210, .F. ) ;
#1195 = ORIENTED_EDGE ( 'NONE', *, *, #1232, .F. ) ;
#1196 = CARTESIAN_POINT ( 'NONE',  ( 0.000000000000000000, 0.2500000000000088818, 0.000000000000000000 ) ) ;
#1197 = ORIENTED_EDGE ( 'NONE', *, *, #1105, .T. ) ;
#1198 = CARTESIAN_POINT ( 'NONE',  ( 9.000000000000000000, 0.000000000000000000, -1.849999999999997424 ) ) ;
#1199 = ORIENTED_EDGE ( 'NONE', *, *, #263, .F. ) ;
#1200 = DIRECTION ( 'NONE',  ( -0.000000000000000000, 1.000000000000000000, -0.000000000000000000 ) ) ;
#1201 = ORIENTED_EDGE ( 'NONE', *, *, #125, .T. ) ;
#1202 = ORIENTED_EDGE ( 'NONE', *, *, #607, .T. ) ;
#1203 = DIRECTION ( 'NONE',  ( -0.000000000000000000, 1.000000000000000000, -0.000000000000000000 ) ) ;
#1204 = ORIENTED_EDGE ( 'NONE', *, *, #400, .F. ) ;
#1205 = DIRECTION ( 'NONE',  ( -0.000000000000000000, 1.000000000000000000, -0.000000000000000000 ) ) ;
#1206 = ORIENTED_EDGE ( 'NONE', *, *, #1250, .F. ) ;
#1207 = EDGE_CURVE ( 'NONE', #746, #259, #135, .T. ) ;
#1208 = VERTEX_POINT ( 'NONE', #126 ) ;
#1209 = ORIENTED_EDGE ( 'NONE', *, *, #1429, .F. ) ;
#1210 = EDGE_CURVE ( 'NONE', #1466, #1455, #751, .T. ) ;
#1211 = DIRECTION ( 'NONE',  ( 0.000000000000000000, 1.000000000000000000, 0.000000000000000000 ) ) ;
#1212 = CIRCLE ( 'NONE', #111, 1.849999999999997424 ) ;
#1213 = ORIENTED_EDGE ( 'NONE', *, *, #1010, .T. ) ;
#1214 = DIRECTION ( 'NONE',  ( -0.000000000000000000, 1.000000000000000000, -0.000000000000000000 ) ) ;
#1215 = VERTEX_POINT ( 'NONE', #20 ) ;
#1216 = AXIS2_PLACEMENT_3D ( 'NONE', #573, #1146, #92 ) ;
#1217 = EDGE_CURVE ( 'NONE', #709, #153, #604, .T. ) ;
#1218 = ADVANCED_FACE ( 'NONE', ( #724 ), #364, .T. ) ;
#1219 = VECTOR ( 'NONE', #696, 1000.000000000000000 ) ;
#1220 = AXIS2_PLACEMENT_3D ( 'NONE', #1288, #1424, #1282 ) ;
#1221 = EDGE_LOOP ( 'NONE', ( #1260, #1225, #1308, #1068 ) ) ;
#1222 = DIRECTION ( 'NONE',  ( 0.000000000000000000, -1.000000000000000000, 0.000000000000000000 ) ) ;
#1223 = DIRECTION ( 'NONE',  ( -0.000000000000000000, -1.000000000000000000, -0.000000000000000000 ) ) ;
#1224 = CARTESIAN_POINT ( 'NONE',  ( 1.959434878635763751E-16, 5.000000000000000000, -10.59999999999999787 ) ) ;
#1225 = ORIENTED_EDGE ( 'NONE', *, *, #1240, .F. ) ;
#1226 = ADVANCED_FACE ( 'NONE', ( #863 ), #1521, .F. ) ;
#1227 = DIRECTION ( 'NONE',  ( 0.000000000000000000, 0.000000000000000000, -1.000000000000000000 ) ) ;
#1228 = ORIENTED_EDGE ( 'NONE', *, *, #1131, .F. ) ;
#1229 = ORIENTED_EDGE ( 'NONE', *, *, #1149, .T. ) ;
#1230 = DIRECTION ( 'NONE',  ( -0.000000000000000000, 1.000000000000000000, -0.000000000000000000 ) ) ;
#1231 = CARTESIAN_POINT ( 'NONE',  ( 0.000000000000000000, 5.000000000000000000, 9.000000000000000000 ) ) ;
#1232 = EDGE_CURVE ( 'NONE', #891, #13, #396, .T. ) ;
#1233 = FACE_OUTER_BOUND ( 'NONE', #1175, .T. ) ;
#1234 = DIRECTION ( 'NONE',  ( -0.000000000000000000, 1.000000000000000000, -0.000000000000000000 ) ) ;
#1235 = ORIENTED_EDGE ( 'NONE', *, *, #1261, .F. ) ;
#1236 = ADVANCED_FACE ( 'NONE', ( #500 ), #220, .T. ) ;
#1237 = CARTESIAN_POINT ( 'NONE',  ( 4.286263797015745963E-16, 45.00000000000000000, 3.000000000000015543 ) ) ;
#1238 = DIRECTION ( 'NONE',  ( 0.000000000000000000, 0.000000000000000000, 1.000000000000000000 ) ) ;
#1239 = CARTESIAN_POINT ( 'NONE',  ( 0.000000000000000000, 0.2500000000000088818, -13.50000000000000000 ) ) ;
#1240 = EDGE_CURVE ( 'NONE', #1459, #728, #550, .T. ) ;
#1241 = CIRCLE ( 'NONE', #1393, 3.249999999999997780 ) ;
#1242 = DIRECTION ( 'NONE',  ( 0.000000000000000000, -0.7071067811865592301, -0.7071067811865359154 ) ) ;
#1243 = ORIENTED_EDGE ( 'NONE', *, *, #1106, .F. ) ;
#1244 = VECTOR ( 'NONE', #584, 1000.000000000000000 ) ;
#1245 = AXIS2_PLACEMENT_3D ( 'NONE', #191, #1258, #1274 ) ;
#1246 = AXIS2_PLACEMENT_3D ( 'NONE', #562, #1411, #920 ) ;
#1247 = DIRECTION ( 'NONE',  ( 0.000000000000000000, -0.000000000000000000, -1.000000000000000000 ) ) ;
#1248 = FACE_OUTER_BOUND ( 'NONE', #598, .T. ) ;
#1249 = FILL_AREA_STYLE_COLOUR ( '', #493 ) ;
#1250 = EDGE_CURVE ( 'NONE', #250, #67, #1317, .T. ) ;
#1251 = CIRCLE ( 'NONE', #426, 1.599999999999998979 ) ;
#1252 = PLANE ( 'NONE',  #587 ) ;
#1253 = LINE ( 'NONE', #1486, #674 ) ;
#1254 = ORIENTED_EDGE ( 'NONE', *, *, #110, .F. ) ;
#1255 = DIRECTION ( 'NONE',  ( 0.000000000000000000, 0.000000000000000000, 1.000000000000000000 ) ) ;
#1256 = DIRECTION ( 'NONE',  ( 0.000000000000000000, 0.000000000000000000, 1.000000000000000000 ) ) ;
#1257 = VERTEX_POINT ( 'NONE', #154 ) ;
#1258 = DIRECTION ( 'NONE',  ( -0.000000000000000000, -1.000000000000000000, -0.000000000000000000 ) ) ;
#1259 = FACE_BOUND ( 'NONE', #945, .T. ) ;
#1260 = ORIENTED_EDGE ( 'NONE', *, *, #1298, .F. ) ;
#1261 = EDGE_CURVE ( 'NONE', #251, #1378, #200, .T. ) ;
#1262 = PLANE ( 'NONE',  #294 ) ;
#1263 = CARTESIAN_POINT ( 'NONE',  ( 0.000000000000000000, 7.000000000000000000, -2.250000000000000000 ) ) ;
#1264 = CARTESIAN_POINT ( 'NONE',  ( 0.000000000000000000, 0.000000000000000000, 9.000000000000000000 ) ) ;
#1265 = CARTESIAN_POINT ( 'NONE',  ( 1.653273178848926867E-15, 0.2500000000000088818, -13.50000000000000000 ) ) ;
#1266 = CLOSED_SHELL ( 'NONE', ( #437, #965, #512, #99, #1403, #1218, #918, #987, #432, #1003, #297, #554, #1236, #664, #561, #455, #1358, #132, #164, #1268, #1406, #888, #226, #315, #866, #249, #1392, #78, #793, #87, #1499, #569, #104, #1, #577, #405, #1114, #732, #38, #813, #684, #934, #610, #1065, #381, #749, #1193, #1226, #706, #723, #1340, #382, #118, #1069, #801, #1161 ) ) ;
#1267 = AXIS2_PLACEMENT_3D ( 'NONE', #1511, #783, #86 ) ;
#1268 = ADVANCED_FACE ( 'NONE', ( #952 ), #56, .F. ) ;
#1269 = EDGE_CURVE ( 'NONE', #227, #1303, #839, .T. ) ;
#1270 = AXIS2_PLACEMENT_3D ( 'NONE', #1419, #822, #1426 ) ;
#1271 = CIRCLE ( 'NONE', #1470, 3.499999999999996003 ) ;
#1272 = DIRECTION ( 'NONE',  ( -0.000000000000000000, 1.000000000000000000, -0.000000000000000000 ) ) ;
#1273 = CIRCLE ( 'NONE', #1293, 3.499999999999996003 ) ;
#1274 = DIRECTION ( 'NONE',  ( 0.000000000000000000, 0.000000000000000000, -1.000000000000000000 ) ) ;
#1275 = AXIS2_PLACEMENT_3D ( 'NONE', #634, #1471, #481 ) ;
#1276 = DIRECTION ( 'NONE',  ( 0.000000000000000000, 0.000000000000000000, 1.000000000000000000 ) ) ;
#1277 = AXIS2_PLACEMENT_3D ( 'NONE', #1535, #973, #742 ) ;
#1278 = EDGE_CURVE ( 'NONE', #851, #1453, #425, .T. ) ;
#1279 = PLANE ( 'NONE',  #592 ) ;
#1280 = CARTESIAN_POINT ( 'NONE',  ( 9.000000000000000000, 10.00000000000000000, -3.499999999999996003 ) ) ;
#1281 = CARTESIAN_POINT ( 'NONE',  ( 2.755455298081544285E-16, 0.2499999999999941436, 2.250000000000000000 ) ) ;
#1282 = DIRECTION ( 'NONE',  ( 0.000000000000000000, 0.000000000000000000, 1.000000000000000000 ) ) ;
#1283 = DIRECTION ( 'NONE',  ( 0.000000000000000000, 0.7071067811865549002, 0.7071067811865402453 ) ) ;
#1284 = DIRECTION ( 'NONE',  ( 0.000000000000000000, 0.000000000000000000, -1.000000000000000000 ) ) ;
#1285 = ORIENTED_EDGE ( 'NONE', *, *, #1121, .T. ) ;
#1286 = EDGE_CURVE ( 'NONE', #1257, #155, #1253, .T. ) ;
#1287 = ORIENTED_EDGE ( 'NONE', *, *, #1250, .T. ) ;
#1288 = CARTESIAN_POINT ( 'NONE',  ( 0.000000000000000000, 10.00000000000000000, 9.000000000000000000 ) ) ;
#1289 = DIRECTION ( 'NONE',  ( -0.000000000000000000, 1.000000000000000000, -0.000000000000000000 ) ) ;
#1290 = CARTESIAN_POINT ( 'NONE',  ( -9.000000000000000000, 0.000000000000000000, 0.000000000000000000 ) ) ;
#1291 = ORIENTED_EDGE ( 'NONE', *, *, #174, .F. ) ;
#1292 = CIRCLE ( 'NONE', #838, 3.249999999999999556 ) ;
#1293 = AXIS2_PLACEMENT_3D ( 'NONE', #280, #754, #1360 ) ;
#1294 = AXIS2_PLACEMENT_3D ( 'NONE', #1324, #613, #1227 ) ;
#1295 = ORIENTED_EDGE ( 'NONE', *, *, #393, .T. ) ;
#1296 = CARTESIAN_POINT ( 'NONE',  ( 0.000000000000000000, 0.2500000000000071609, 10.59999999999999787 ) ) ;
#1297 = DIRECTION ( 'NONE',  ( 0.000000000000000000, 0.000000000000000000, 1.000000000000000000 ) ) ;
#1298 = EDGE_CURVE ( 'NONE', #728, #1453, #890, .T. ) ;
#1299 = CARTESIAN_POINT ( 'NONE',  ( -9.000000000000000000, 9.749999999999996447, 3.249999999999997780 ) ) ;
#1300 = ORIENTED_EDGE ( 'NONE', *, *, #1541, .F. ) ;
#1301 = DIRECTION ( 'NONE',  ( 0.000000000000000000, 1.000000000000000000, 0.000000000000000000 ) ) ;
#1302 = DIRECTION ( 'NONE',  ( 0.000000000000000000, 0.000000000000000000, 1.000000000000000000 ) ) ;
#1303 = VERTEX_POINT ( 'NONE', #882 ) ;
#1304 = DIRECTION ( 'NONE',  ( -0.000000000000000000, -1.000000000000000000, -0.000000000000000000 ) ) ;
#1305 = ORIENTED_EDGE ( 'NONE', *, *, #716, .T. ) ;
#1306 = DIRECTION ( 'NONE',  ( 0.000000000000000000, 0.000000000000000000, 1.000000000000000000 ) ) ;
#1307 = AXIS2_PLACEMENT_3D ( 'NONE', #454, #435, #670 ) ;
#1308 = ORIENTED_EDGE ( 'NONE', *, *, #701, .T. ) ;
#1309 = ORIENTED_EDGE ( 'NONE', *, *, #557, .T. ) ;
#1310 = CIRCLE ( 'NONE', #338, 4.000000000000000000 ) ;
#1311 = DIRECTION ( 'NONE',  ( -0.000000000000000000, 1.000000000000000000, -0.000000000000000000 ) ) ;
#1312 = VECTOR ( 'NONE', #802, 1000.000000000000114 ) ;
#1313 = ORIENTED_EDGE ( 'NONE', *, *, #778, .F. ) ;
#1314 = AXIS2_PLACEMENT_3D ( 'NONE', #66, #686, #1034 ) ;
#1315 = LINE ( 'NONE', #1198, #1348 ) ;
#1316 = ORIENTED_EDGE ( 'NONE', *, *, #877, .T. ) ;
#1317 = CIRCLE ( 'NONE', #570, 3.499999999999996003 ) ;
#1318 = CARTESIAN_POINT ( 'NONE',  ( 0.000000000000000000, 0.2499999999999967526, -9.000000000000000000 ) ) ;
#1319 = AXIS2_PLACEMENT_3D ( 'NONE', #856, #491, #1079 ) ;
#1320 = VERTEX_POINT ( 'NONE', #300 ) ;
#1321 = ORIENTED_EDGE ( 'NONE', *, *, #1298, .T. ) ;
#1322 = CYLINDRICAL_SURFACE ( 'NONE', #143, 3.249999999999997780 ) ;
#1323 = ORIENTED_EDGE ( 'NONE', *, *, #586, .T. ) ;
#1324 = CARTESIAN_POINT ( 'NONE',  ( -9.000000000000000000, 0.000000000000000000, 0.000000000000000000 ) ) ;
#1325 = ORIENTED_EDGE ( 'NONE', *, *, #1430, .T. ) ;
#1326 = DIRECTION ( 'NONE',  ( 0.000000000000000000, 0.000000000000000000, 1.000000000000000000 ) ) ;
#1327 = PRODUCT_RELATED_PRODUCT_CATEGORY ( 'part', '', ( #461 ) ) ;
#1328 = ORIENTED_EDGE ( 'NONE', *, *, #1217, .F. ) ;
#1329 = ORIENTED_EDGE ( 'NONE', *, *, #1524, .F. ) ;
#1330 = CARTESIAN_POINT ( 'NONE',  ( 0.000000000000000000, 10.00000000000000000, -13.25000000000000355 ) ) ;
#1331 = VERTEX_POINT ( 'NONE', #284 ) ;
#1332 = CARTESIAN_POINT ( 'NONE',  ( 0.000000000000000000, 9.749999999999996447, -9.000000000000000000 ) ) ;
#1333 = ORIENTED_EDGE ( 'NONE', *, *, #796, .F. ) ;
#1334 = DIRECTION ( 'NONE',  ( 0.000000000000000000, -1.000000000000000000, 0.000000000000000000 ) ) ;
#1335 = ORIENTED_EDGE ( 'NONE', *, *, #820, .T. ) ;
#1336 = CARTESIAN_POINT ( 'NONE',  ( 0.000000000000000000, 10.00000000000000000, -5.500000000000003553 ) ) ;
#1337 = AXIS2_PLACEMENT_3D ( 'NONE', #292, #658, #1359 ) ;
#1338 = ORIENTED_EDGE ( 'NONE', *, *, #716, .F. ) ;
#1339 = CARTESIAN_POINT ( 'NONE',  ( 3.061616997868377225E-16, 0.000000000000000000, 2.499999999999995115 ) ) ;
#1340 = ADVANCED_FACE ( 'NONE', ( #1001 ), #966, .T. ) ;
#1341 = CIRCLE ( 'NONE', #809, 2.499999999999995115 ) ;
#1342 = CARTESIAN_POINT ( 'NONE',  ( -9.000000000000000000, 0.2500000000000071609, 1.599999999999998535 ) ) ;
#1343 = ORIENTED_EDGE ( 'NONE', *, *, #665, .T. ) ;
#1344 = DIRECTION ( 'NONE',  ( 0.000000000000000000, 0.000000000000000000, 1.000000000000000000 ) ) ;
#1345 = EDGE_LOOP ( 'NONE', ( #1528, #810, #983, #354 ) ) ;
#1346 = AXIS2_PLACEMENT_3D ( 'NONE', #653, #1222, #630 ) ;
#1347 = CARTESIAN_POINT ( 'NONE',  ( 0.000000000000000000, 0.000000000000000000, 0.000000000000000000 ) ) ;
#1348 = VECTOR ( 'NONE', #1077, 1000.000000000000114 ) ;
#1349 = ORIENTED_EDGE ( 'NONE', *, *, #458, .F. ) ;
#1350 = DIRECTION ( 'NONE',  ( -0.000000000000000000, -1.000000000000000000, -0.000000000000000000 ) ) ;
#1351 = AXIS2_PLACEMENT_3D ( 'NONE', #1347, #884, #1357 ) ;
#1352 = CARTESIAN_POINT ( 'NONE',  ( 0.000000000000000000, 0.000000000000000000, 9.000000000000000000 ) ) ;
#1353 = CARTESIAN_POINT ( 'NONE',  ( 4.898587196589411843E-16, 44.00000000000001421, 4.000000000000000000 ) ) ;
#1354 = EDGE_CURVE ( 'NONE', #804, #628, #1126, .T. ) ;
#1355 = FACE_OUTER_BOUND ( 'NONE', #957, .T. ) ;
#1356 = ORIENTED_EDGE ( 'NONE', *, *, #949, .F. ) ;
#1357 = DIRECTION ( 'NONE',  ( 1.000000000000000000, 0.000000000000000000, 0.000000000000000000 ) ) ;
#1358 = ADVANCED_FACE ( 'NONE', ( #1355 ), #1362, .F. ) ;
#1359 = DIRECTION ( 'NONE',  ( 0.000000000000000000, 0.000000000000000000, 1.000000000000000000 ) ) ;
#1360 = DIRECTION ( 'NONE',  ( 0.000000000000000000, 0.000000000000000000, 1.000000000000000000 ) ) ;
#1361 = DIRECTION ( 'NONE',  ( 0.000000000000000000, 1.000000000000000000, 0.000000000000000000 ) ) ;
#1362 = CYLINDRICAL_SURFACE ( 'NONE', #303, 3.249999999999997780 ) ;
#1363 = EDGE_LOOP ( 'NONE', ( #1285, #490, #865, #231 ) ) ;
#1364 = EDGE_CURVE ( 'NONE', #28, #1544, #941, .T. ) ;
#1365 = DIRECTION ( 'NONE',  ( 0.000000000000000000, 1.000000000000000000, 0.000000000000000000 ) ) ;
#1366 = CARTESIAN_POINT ( 'NONE',  ( 0.000000000000000000, 0.2500000000000071609, 9.000000000000000000 ) ) ;
#1367 = LINE ( 'NONE', #1339, #1538 ) ;
#1368 = FACE_BOUND ( 'NONE', #255, .T. ) ;
#1369 = AXIS2_PLACEMENT_3D ( 'NONE', #1497, #885, #1255 ) ;
#1370 = DIRECTION ( 'NONE',  ( 8.659560562354844111E-17, 0.7071067811865549002, -0.7071067811865402453 ) ) ;
#1371 = CONICAL_SURFACE ( 'NONE', #466, 1.849999999999997424, 0.7853981633974327359 ) ;
#1372 = ORIENTED_EDGE ( 'NONE', *, *, #1149, .F. ) ;
#1373 = AXIS2_PLACEMENT_3D ( 'NONE', #82, #1058, #1542 ) ;
#1374 = AXIS2_PLACEMENT_3D ( 'NONE', #1264, #80, #908 ) ;
#1375 = CARTESIAN_POINT ( 'NONE',  ( 0.000000000000000000, 0.000000000000000000, -2.499999999999995115 ) ) ;
#1376 = CARTESIAN_POINT ( 'NONE',  ( 9.000000000000000000, 10.00000000000000000, 1.599999999999998090 ) ) ;
#1377 = CIRCLE ( 'NONE', #1064, 13.25000000000000355 ) ;
#1378 = VERTEX_POINT ( 'NONE', #468 ) ;
#1379 = CARTESIAN_POINT ( 'NONE',  ( 0.000000000000000000, 10.00000000000000000, -9.000000000000000000 ) ) ;
#1380 = CARTESIAN_POINT ( 'NONE',  ( 5.204748896376239852E-16, 10.00000000000000000, 4.249999999999991118 ) ) ;
#1381 = ORIENTED_EDGE ( 'NONE', *, *, #103, .F. ) ;
#1382 = EDGE_CURVE ( 'NONE', #173, #259, #1170, .T. ) ;
#1383 = CARTESIAN_POINT ( 'NONE',  ( 0.000000000000000000, 45.00000000000000000, -4.000000000000000000 ) ) ;
#1384 = DIRECTION ( 'NONE',  ( 0.000000000000000000, 0.000000000000000000, -1.000000000000000000 ) ) ;
#1385 = FACE_OUTER_BOUND ( 'NONE', #362, .T. ) ;
#1386 = CARTESIAN_POINT ( 'NONE',  ( 0.000000000000000000, 0.000000000000000000, 0.000000000000000000 ) ) ;
#1387 = EDGE_CURVE ( 'NONE', #285, #576, #244, .T. ) ;
#1388 = EDGE_CURVE ( 'NONE', #1215, #922, #337, .T. ) ;
#1389 = CARTESIAN_POINT ( 'NONE',  ( 0.000000000000000000, 10.24999999999998757, 0.000000000000000000 ) ) ;
#1390 = CARTESIAN_POINT ( 'NONE',  ( 9.000000000000000000, 0.000000000000000000, 1.849999999999997424 ) ) ;
#1391 = DIRECTION ( 'NONE',  ( -0.000000000000000000, 1.000000000000000000, -0.000000000000000000 ) ) ;
#1392 = ADVANCED_FACE ( 'NONE', ( #456, #228, #924, #350, #109, #599 ), #208, .F. ) ;
#1393 = AXIS2_PLACEMENT_3D ( 'NONE', #1461, #1361, #179 ) ;
#1394 = CIRCLE ( 'NONE', #787, 3.249999999999999556 ) ;
#1395 = AXIS2_PLACEMENT_3D ( 'NONE', #497, #225, #1178 ) ;
#1396 = CIRCLE ( 'NONE', #469, 1.599999999999998979 ) ;
#1397 = LINE ( 'NONE', #1030, #19 ) ;
#1398 = EDGE_CURVE ( 'NONE', #574, #1320, #342, .T. ) ;
#1399 = CONICAL_SURFACE ( 'NONE', #620, 13.25000000000000355, 0.7853981633974482790 ) ;
#1400 = DIRECTION ( 'NONE',  ( 0.000000000000000000, 0.000000000000000000, -1.000000000000000000 ) ) ;
#1401 = AXIS2_PLACEMENT_3D ( 'NONE', #705, #1053, #930 ) ;
#1402 = DIRECTION ( 'NONE',  ( 0.000000000000000000, 0.000000000000000000, 1.000000000000000000 ) ) ;
#1403 = ADVANCED_FACE ( 'NONE', ( #463 ), #22, .F. ) ;
#1404 = CARTESIAN_POINT ( 'NONE',  ( 0.000000000000000000, 0.000000000000000000, -10.84999999999998899 ) ) ;
#1405 = CARTESIAN_POINT ( 'NONE',  ( 0.000000000000000000, 10.00000000000000000, 0.000000000000000000 ) ) ;
#1406 = ADVANCED_FACE ( 'NONE', ( #1180 ), #590, .F. ) ;
#1407 = DIRECTION ( 'NONE',  ( -0.000000000000000000, -1.000000000000000000, -0.000000000000000000 ) ) ;
#1408 = ORIENTED_EDGE ( 'NONE', *, *, #1261, .T. ) ;
#1409 = FACE_OUTER_BOUND ( 'NONE', #752, .T. ) ;
#1410 = DIRECTION ( 'NONE',  ( 0.000000000000000000, 1.000000000000000000, 0.000000000000000000 ) ) ;
#1411 = DIRECTION ( 'NONE',  ( -0.000000000000000000, -1.000000000000000000, -0.000000000000000000 ) ) ;
#1412 = EDGE_CURVE ( 'NONE', #211, #265, #324, .T. ) ;
#1413 = CARTESIAN_POINT ( 'NONE',  ( 0.000000000000000000, 9.750000000000003553, 0.000000000000000000 ) ) ;
#1414 = VERTEX_POINT ( 'NONE', #1404 ) ;
#1415 = ORIENTED_EDGE ( 'NONE', *, *, #636, .F. ) ;
#1416 = CARTESIAN_POINT ( 'NONE',  ( 2.265596578422591761E-16, 0.000000000000000000, -7.150000000000008349 ) ) ;
#1417 = AXIS2_PLACEMENT_3D ( 'NONE', #893, #289, #532 ) ;
#1418 = AXIS2_PLACEMENT_3D ( 'NONE', #524, #899, #404 ) ;
#1419 = CARTESIAN_POINT ( 'NONE',  ( -9.000000000000000000, 0.2500000000000071609, 0.000000000000000000 ) ) ;
#1420 = AXIS2_PLACEMENT_3D ( 'NONE', #1035, #1407, #1400 ) ;
#1421 = DIRECTION ( 'NONE',  ( 0.000000000000000000, 0.000000000000000000, -1.000000000000000000 ) ) ;
#1422 = CIRCLE ( 'NONE', #302, 1.599999999999998090 ) ;
#1423 = ORIENTED_EDGE ( 'NONE', *, *, #1430, .F. ) ;
#1424 = DIRECTION ( 'NONE',  ( -0.000000000000000000, 1.000000000000000000, -0.000000000000000000 ) ) ;
#1425 = EDGE_CURVE ( 'NONE', #501, #1046, #1377, .T. ) ;
#1426 = DIRECTION ( 'NONE',  ( 0.000000000000000000, 0.000000000000000000, 1.000000000000000000 ) ) ;
#1427 = LINE ( 'NONE', #446, #1244 ) ;
#1428 = ORIENTED_EDGE ( 'NONE', *, *, #1515, .T. ) ;
#1429 = EDGE_CURVE ( 'NONE', #478, #1450, #578, .T. ) ;
#1430 = EDGE_CURVE ( 'NONE', #265, #127, #1162, .T. ) ;
#1431 = DIRECTION ( 'NONE',  ( -0.000000000000000000, 1.000000000000000000, -0.000000000000000000 ) ) ;
#1432 = ORIENTED_EDGE ( 'NONE', *, *, #707, .F. ) ;
#1433 = DIRECTION ( 'NONE',  ( 0.000000000000000000, 0.000000000000000000, -1.000000000000000000 ) ) ;
#1434 = ORIENTED_EDGE ( 'NONE', *, *, #784, .F. ) ;
#1435 = DIRECTION ( 'NONE',  ( 0.000000000000000000, 0.000000000000000000, 1.000000000000000000 ) ) ;
#1436 = ORIENTED_EDGE ( 'NONE', *, *, #436, .F. ) ;
#1437 = DIRECTION ( 'NONE',  ( 8.659560562354844111E-17, 0.7071067811865549002, -0.7071067811865402453 ) ) ;
#1438 = FACE_BOUND ( 'NONE', #619, .T. ) ;
#1439 = EDGE_CURVE ( 'NONE', #2, #134, #874, .T. ) ;
#1440 = ORIENTED_EDGE ( 'NONE', *, *, #125, .F. ) ;
#1441 = AXIS2_PLACEMENT_3D ( 'NONE', #1413, #1537, #1302 ) ;
#1442 = LINE ( 'NONE', #721, #834 ) ;
#1443 = ORIENTED_EDGE ( 'NONE', *, *, #947, .F. ) ;
#1444 = AXIS2_PLACEMENT_3D ( 'NONE', #43, #858, #27 ) ;
#1445 = EDGE_CURVE ( 'NONE', #746, #291, #694, .T. ) ;
#1446 = DIRECTION ( 'NONE',  ( 0.000000000000000000, -0.000000000000000000, -1.000000000000000000 ) ) ;
#1447 = ORIENTED_EDGE ( 'NONE', *, *, #1026, .F. ) ;
#1448 = AXIS2_PLACEMENT_3D ( 'NONE', #63, #1234, #526 ) ;
#1449 = DIRECTION ( 'NONE',  ( 0.000000000000000000, 0.000000000000000000, 1.000000000000000000 ) ) ;
#1450 = VERTEX_POINT ( 'NONE', #919 ) ;
#1451 = ORIENTED_EDGE ( 'NONE', *, *, #772, .T. ) ;
#1452 = CARTESIAN_POINT ( 'NONE',  ( 0.000000000000000000, 10.00000000000000000, -4.249999999999991118 ) ) ;
#1453 = VERTEX_POINT ( 'NONE', #1048 ) ;
#1454 = DIRECTION ( 'NONE',  ( -0.000000000000000000, 1.000000000000000000, -0.000000000000000000 ) ) ;
#1455 = VERTEX_POINT ( 'NONE', #805 ) ;
#1456 = CARTESIAN_POINT ( 'NONE',  ( 9.000000000000000000, 10.00000000000000000, -3.249999999999997780 ) ) ;
#1457 = VERTEX_POINT ( 'NONE', #1191 ) ;
#1458 = DIRECTION ( 'NONE',  ( 0.000000000000000000, 0.000000000000000000, -1.000000000000000000 ) ) ;
#1459 = VERTEX_POINT ( 'NONE', #97 ) ;
#1460 = DIRECTION ( 'NONE',  ( -0.000000000000000000, 1.000000000000000000, -0.000000000000000000 ) ) ;
#1461 = CARTESIAN_POINT ( 'NONE',  ( 0.000000000000000000, 9.749999999999996447, -9.000000000000000000 ) ) ;
#1462 = ORIENTED_EDGE ( 'NONE', *, *, #548, .F. ) ;
#1463 = DIRECTION ( 'NONE',  ( -0.000000000000000000, -1.000000000000000000, -0.000000000000000000 ) ) ;
#1464 = ORIENTED_EDGE ( 'NONE', *, *, #988, .F. ) ;
#1465 = EDGE_CURVE ( 'NONE', #1078, #96, #95, .T. ) ;
#1466 = VERTEX_POINT ( 'NONE', #1296 ) ;
#1467 = CYLINDRICAL_SURFACE ( 'NONE', #495, 13.50000000000000000 ) ;
#1468 = PLANE ( 'NONE',  #767 ) ;
#1469 = CARTESIAN_POINT ( 'NONE',  ( 9.000000000000000000, 0.000000000000000000, 1.849999999999997424 ) ) ;
#1470 = AXIS2_PLACEMENT_3D ( 'NONE', #1154, #687, #1506 ) ;
#1471 = DIRECTION ( 'NONE',  ( 0.000000000000000000, 1.000000000000000000, 0.000000000000000000 ) ) ;
#1472 = ORIENTED_EDGE ( 'NONE', *, *, #678, .T. ) ;
#1473 = AXIS2_PLACEMENT_3D ( 'NONE', #854, #375, #1344 ) ;
#1474 = AXIS2_PLACEMENT_3D ( 'NONE', #1176, #477, #1306 ) ;
#1475 = CARTESIAN_POINT ( 'NONE',  ( 0.000000000000000000, 10.00000000000000000, 9.000000000000000000 ) ) ;
#1476 = DIRECTION ( 'NONE',  ( 0.000000000000000000, 0.000000000000000000, 1.000000000000000000 ) ) ;
#1477 = DIRECTION ( 'NONE',  ( 0.000000000000000000, 0.000000000000000000, 1.000000000000000000 ) ) ;
#1478 = DIRECTION ( 'NONE',  ( -0.000000000000000000, 1.000000000000000000, -0.000000000000000000 ) ) ;
#1479 = DIRECTION ( 'NONE',  ( -0.000000000000000000, 1.000000000000000000, -0.000000000000000000 ) ) ;
#1480 = EDGE_LOOP ( 'NONE', ( #327, #1325, #509, #484 ) ) ;
#1481 =( NAMED_UNIT ( * ) PLANE_ANGLE_UNIT ( ) SI_UNIT ( $, .RADIAN. ) );
#1482 = CARTESIAN_POINT ( 'NONE',  ( 9.000000000000000000, 9.749999999999996447, 0.000000000000000000 ) ) ;
#1483 = CARTESIAN_POINT ( 'NONE',  ( 0.000000000000000000, 10.00000000000000178, -4.249999999999989342 ) ) ;
#1484 = SURFACE_SIDE_STYLE ('',( #639 ) ) ;
#1485 = CARTESIAN_POINT ( 'NONE',  ( -9.000000000000000000, 5.000000000000000000, -1.599999999999998979 ) ) ;
#1486 = CARTESIAN_POINT ( 'NONE',  ( -9.000000000000000000, 0.000000000000000000, -1.849999999999997424 ) ) ;
#1487 = ORIENTED_EDGE ( 'NONE', *, *, #1240, .T. ) ;
#1488 = FACE_OUTER_BOUND ( 'NONE', #163, .T. ) ;
#1489 = FACE_OUTER_BOUND ( 'NONE', #883, .T. ) ;
#1490 = ORIENTED_EDGE ( 'NONE', *, *, #528, .T. ) ;
#1491 =( NAMED_UNIT ( * ) PLANE_ANGLE_UNIT ( ) SI_UNIT ( $, .RADIAN. ) );
#1492 = DIRECTION ( 'NONE',  ( -0.000000000000000000, 1.000000000000000000, -0.000000000000000000 ) ) ;
#1493 = CIRCLE ( 'NONE', #386, 3.000000000000015543 ) ;
#1494 = EDGE_LOOP ( 'NONE', ( #181, #1199, #626, #1487 ) ) ;
#1495 = AXIS2_PLACEMENT_3D ( 'NONE', #1352, #871, #281 ) ;
#1496 = CONICAL_SURFACE ( 'NONE', #995, 3.249999999999997780, 0.7853981633974380649 ) ;
#1497 = CARTESIAN_POINT ( 'NONE',  ( -9.000000000000000000, 10.00000000000000000, 0.000000000000000000 ) ) ;
#1498 = CARTESIAN_POINT ( 'NONE',  ( 9.000000000000000000, 9.749999999999996447, 3.249999999999997780 ) ) ;
#1499 = ADVANCED_FACE ( 'NONE', ( #223, #102 ), #582, .F. ) ;
#1500 = DIRECTION ( 'NONE',  ( -0.000000000000000000, 1.000000000000000000, -0.000000000000000000 ) ) ;
#1501 = EDGE_CURVE ( 'NONE', #1378, #85, #837, .T. ) ;
#1502 = DIRECTION ( 'NONE',  ( 0.000000000000000000, 1.000000000000000000, 0.000000000000000000 ) ) ;
#1503 = ORIENTED_EDGE ( 'NONE', *, *, #1541, .T. ) ;
#1504 = DIRECTION ( 'NONE',  ( -0.000000000000000000, 1.000000000000000000, -0.000000000000000000 ) ) ;
#1505 = EDGE_CURVE ( 'NONE', #1046, #423, #357, .T. ) ;
#1506 = DIRECTION ( 'NONE',  ( 0.000000000000000000, 0.000000000000000000, 1.000000000000000000 ) ) ;
#1507 = LINE ( 'NONE', #430, #443 ) ;
#1508 = EDGE_CURVE ( 'NONE', #734, #722, #572, .T. ) ;
#1509 = FACE_OUTER_BOUND ( 'NONE', #1052, .T. ) ;
#1510 = DIRECTION ( 'NONE',  ( 0.000000000000000000, 0.000000000000000000, 1.000000000000000000 ) ) ;
#1511 = CARTESIAN_POINT ( 'NONE',  ( 0.000000000000000000, 10.00000000000000000, -9.000000000000000000 ) ) ;
#1512 = AXIS2_PLACEMENT_3D ( 'NONE', #516, #1110, #986 ) ;
#1513 = CARTESIAN_POINT ( 'NONE',  ( 1.959434878635762765E-16, 0.2499999999999967526, -10.59999999999999787 ) ) ;
#1514 = VECTOR ( 'NONE', #1023, 1000.000000000000000 ) ;
#1515 = EDGE_CURVE ( 'NONE', #344, #285, #848, .T. ) ;
#1516 = AXIS2_PLACEMENT_3D ( 'NONE', #1290, #697, #580 ) ;
#1517 = FACE_OUTER_BOUND ( 'NONE', #951, .T. ) ;
#1518 = VECTOR ( 'NONE', #74, 1000.000000000000000 ) ;
#1519 = PLANE ( 'NONE',  #171 ) ;
#1520 = ORIENTED_EDGE ( 'NONE', *, *, #1135, .T. ) ;
#1521 = CONICAL_SURFACE ( 'NONE', #1294, 1.849999999999997424, 0.7853981633974318477 ) ;
#1522 = CARTESIAN_POINT ( 'NONE',  ( 0.000000000000000000, 0.000000000000000000, 0.000000000000000000 ) ) ;
#1523 = CIRCLE ( 'NONE', #1025, 1.599999999999998979 ) ;
#1524 = EDGE_CURVE ( 'NONE', #1208, #1115, #726, .T. ) ;
#1525 = DIRECTION ( 'NONE',  ( -0.000000000000000000, 1.000000000000000000, -0.000000000000000000 ) ) ;
#1526 = LINE ( 'NONE', #1044, #811 ) ;
#1527 = CARTESIAN_POINT ( 'NONE',  ( 3.980102097228894780E-16, 9.749999999999996447, -12.24999999999999645 ) ) ;
#1528 = ORIENTED_EDGE ( 'NONE', *, *, #928, .F. ) ;
#1529 = EDGE_LOOP ( 'NONE', ( #968, #1349, #221, #1356 ) ) ;
#1530 = CARTESIAN_POINT ( 'NONE',  ( 0.000000000000000000, 5.000000000000000000, -9.000000000000000000 ) ) ;
#1531 = CARTESIAN_POINT ( 'NONE',  ( 0.000000000000000000, 45.00000000000000000, 0.000000000000000000 ) ) ;
#1532 = CARTESIAN_POINT ( 'NONE',  ( 0.000000000000000000, 45.00000000000000000, 0.000000000000000000 ) ) ;
#1533 = EDGE_CURVE ( 'NONE', #467, #746, #1251, .T. ) ;
#1534 = EDGE_LOOP ( 'NONE', ( #719, #398 ) ) ;
#1535 = CARTESIAN_POINT ( 'NONE',  ( 1.599999999999999201, 5.000000000000000000, 9.000000000000000000 ) ) ;
#1536 = CIRCLE ( 'NONE', #589, 3.249999999999997780 ) ;
#1537 = DIRECTION ( 'NONE',  ( 0.000000000000000000, -1.000000000000000000, 0.000000000000000000 ) ) ;
#1538 = VECTOR ( 'NONE', #45, 1000.000000000000114 ) ;
#1539 = CIRCLE ( 'NONE', #72, 13.24999999999999289 ) ;
#1540 = EDGE_CURVE ( 'NONE', #1450, #660, #1523, .T. ) ;
#1541 = EDGE_CURVE ( 'NONE', #576, #28, #248, .T. ) ;
#1542 = DIRECTION ( 'NONE',  ( 0.000000000000000000, 0.000000000000000000, 1.000000000000000000 ) ) ;
#1543 = AXIS2_PLACEMENT_3D ( 'NONE', #1530, #1431, #1551 ) ;
#1544 = VERTEX_POINT ( 'NONE', #502 ) ;
#1545 = DIRECTION ( 'NONE',  ( -0.000000000000000000, 1.000000000000000000, -0.000000000000000000 ) ) ;
#1546 = EDGE_CURVE ( 'NONE', #1457, #211, #625, .T. ) ;
#1547 = ORIENTED_EDGE ( 'NONE', *, *, #283, .F. ) ;
#1548 = CARTESIAN_POINT ( 'NONE',  ( 0.000000000000000000, 0.000000000000000000, 9.000000000000000000 ) ) ;
#1549 = ORIENTED_EDGE ( 'NONE', *, *, #980, .T. ) ;
#1550 = ORIENTED_EDGE ( 'NONE', *, *, #331, .F. ) ;
#1551 = DIRECTION ( 'NONE',  ( 0.000000000000000000, 0.000000000000000000, 1.000000000000000000 ) ) ;
ENDSEC;
END-ISO-10303-21;
